frame_seq,sample_timestamp_ns,tag_id,anchor_id,anchor_x_m,anchor_y_m,anchor_z_m,range_m,stddev_m
0,2390338995438,carla_uav_uwb_tag,A1,-15.0,-12.0,0.5,25.157558429151003,0.05
0,2390338995438,carla_uav_uwb_tag,A2,15.0,-12.0,4.5,21.314424515561985,0.05
0,2390338995438,carla_uav_uwb_tag,A3,15.0,12.0,0.5,14.041982915840828,0.05
0,2390338995438,carla_uav_uwb_tag,A4,-15.0,12.0,4.5,19.09440671877759,0.05
1,2390438995439,carla_uav_uwb_tag,A1,-15.0,-12.0,0.5,25.18380662223738,0.05
1,2390438995439,carla_uav_uwb_tag,A2,15.0,-12.0,4.5,21.268714209001782,0.05
1,2390438995439,carla_uav_uwb_tag,A3,15.0,12.0,0.5,13.863992767334723,0.05
1,2390438995439,carla_uav_uwb_tag,A4,-15.0,12.0,4.5,19.143246881160724,0.05
2,2390538995441,carla_uav_uwb_tag,A1,-15.0,-12.0,0.5,25.419121151628413,0.05
2,2390538995441,carla_uav_uwb_tag,A2,15.0,-12.0,4.5,21.259539159749195,0.05
2,2390538995441,carla_uav_uwb_tag,A3,15.0,12.0,0.5,13.755341033698306,0.05
2,2390538995441,carla_uav_uwb_tag,A4,-15.0,12.0,4.5,19.30986556521202,0.05
3,2390638995442,carla_uav_uwb_tag,A1,-15.0,-12.0,0.5,25.561406771197923,0.05
3,2390638995442,carla_uav_uwb_tag,A2,15.0,-12.0,4.5,21.327898392604634,0.05
3,2390638995442,carla_uav_uwb_tag,A3,15.0,12.0,0.5,13.589176300648958,0.05
3,2390638995442,carla_uav_uwb_tag,A4,-15.0,12.0,4.5,19.340119908021396,0.05
4,2390738995444,carla_uav_uwb_tag,A1,-15.0,-12.0,0.5,25.714245847578663,0.05
4,2390738995444,carla_uav_uwb_tag,A2,15.0,-12.0,4.5,21.193887883143514,0.05
4,2390738995444,carla_uav_uwb_tag,A3,15.0,12.0,0.5,13.4647890069938,0.05
4,2390738995444,carla_uav_uwb_tag,A4,-15.0,12.0,4.5,19.492901361729498,0.05
5,2390838995445,carla_uav_uwb_tag,A1,-15.0,-12.0,0.5,25.82378668642363,0.05
5,2390838995445,carla_uav_uwb_tag,A2,15.0,-12.0,4.5,21.179042778073903,0.05
5,2390838995445,carla_uav_uwb_tag,A3,15.0,12.0,0.5,13.337740473724114,0.05
5,2390838995445,carla_uav_uwb_tag,A4,-15.0,12.0,4.5,19.600132082578757,0.05
6,2390938995447,carla_uav_uwb_tag,A1,-15.0,-12.0,0.5,25.948309392712307,0.05
6,2390938995447,carla_uav_uwb_tag,A2,15.0,-12.0,4.5,21.16772877273695,0.05
6,2390938995447,carla_uav_uwb_tag,A3,15.0,12.0,0.5,13.15970995214965,0.05
6,2390938995447,carla_uav_uwb_tag,A4,-15.0,12.0,4.5,19.738664633218825,0.05
7,2391038995448,carla_uav_uwb_tag,A1,-15.0,-12.0,0.5,26.126553872226555,0.05
7,2391038995448,carla_uav_uwb_tag,A2,15.0,-12.0,4.5,21.180066579942117,0.05
7,2391038995448,carla_uav_uwb_tag,A3,15.0,12.0,0.5,13.097361018316649,0.05
7,2391038995448,carla_uav_uwb_tag,A4,-15.0,12.0,4.5,19.812710451372574,0.05
8,2391138995449,carla_uav_uwb_tag,A1,-15.0,-12.0,0.5,26.215957792525426,0.05
8,2391138995449,carla_uav_uwb_tag,A2,15.0,-12.0,4.5,21.091987331344228,0.05
8,2391138995449,carla_uav_uwb_tag,A3,15.0,12.0,0.5,12.879005586681496,0.05
8,2391138995449,carla_uav_uwb_tag,A4,-15.0,12.0,4.5,20.00216421239377,0.05
9,2391238995451,carla_uav_uwb_tag,A1,-15.0,-12.0,0.5,26.370982614051908,0.05
9,2391238995451,carla_uav_uwb_tag,A2,15.0,-12.0,4.5,21.065767304157962,0.05
9,2391238995451,carla_uav_uwb_tag,A3,15.0,12.0,0.5,12.665657650960611,0.05
9,2391238995451,carla_uav_uwb_tag,A4,-15.0,12.0,4.5,20.09096081156538,0.05
10,2391338995452,carla_uav_uwb_tag,A1,-15.0,-12.0,0.5,26.548349527384712,0.05
10,2391338995452,carla_uav_uwb_tag,A2,15.0,-12.0,4.5,21.111006423137173,0.05
10,2391338995452,carla_uav_uwb_tag,A3,15.0,12.0,0.5,12.533097729335651,0.05
10,2391338995452,carla_uav_uwb_tag,A4,-15.0,12.0,4.5,20.182699886212816,0.05
11,2391438995454,carla_uav_uwb_tag,A1,-15.0,-12.0,0.5,26.65094877891449,0.05
11,2391438995454,carla_uav_uwb_tag,A2,15.0,-12.0,4.5,21.071788189847314,0.05
11,2391438995454,carla_uav_uwb_tag,A3,15.0,12.0,0.5,12.470220172938907,0.05
11,2391438995454,carla_uav_uwb_tag,A4,-15.0,12.0,4.5,20.29490917535922,0.05
12,2391538995455,carla_uav_uwb_tag,A1,-15.0,-12.0,0.5,26.812364302238713,0.05
12,2391538995455,carla_uav_uwb_tag,A2,15.0,-12.0,4.5,21.04219205352185,0.05
12,2391538995455,carla_uav_uwb_tag,A3,15.0,12.0,0.5,12.302216913124393,0.05
12,2391538995455,carla_uav_uwb_tag,A4,-15.0,12.0,4.5,20.42783482635245,0.05
13,2391638995457,carla_uav_uwb_tag,A1,-15.0,-12.0,0.5,26.83822246009311,0.05
13,2391638995457,carla_uav_uwb_tag,A2,15.0,-12.0,4.5,21.001731973278762,0.05
13,2391638995457,carla_uav_uwb_tag,A3,15.0,12.0,0.5,12.126210098789429,0.05
13,2391638995457,carla_uav_uwb_tag,A4,-15.0,12.0,4.5,20.476744626085775,0.05
14,2391738995458,carla_uav_uwb_tag,A1,-15.0,-12.0,0.5,27.029340955920123,0.05
14,2391738995458,carla_uav_uwb_tag,A2,15.0,-12.0,4.5,21.072297207740036,0.05
14,2391738995458,carla_uav_uwb_tag,A3,15.0,12.0,0.5,11.969262010404666,0.05
14,2391738995458,carla_uav_uwb_tag,A4,-15.0,12.0,4.5,20.669383402239873,0.05
15,2391838995460,carla_uav_uwb_tag,A1,-15.0,-12.0,0.5,27.09029593105842,0.05
15,2391838995460,carla_uav_uwb_tag,A2,15.0,-12.0,4.5,20.961564773180157,0.05
15,2391838995460,carla_uav_uwb_tag,A3,15.0,12.0,0.5,11.884406820965586,0.05
15,2391838995460,carla_uav_uwb_tag,A4,-15.0,12.0,4.5,20.762385034247483,0.05
16,2391938995461,carla_uav_uwb_tag,A1,-15.0,-12.0,0.5,27.340653126496097,0.05
16,2391938995461,carla_uav_uwb_tag,A2,15.0,-12.0,4.5,20.999655146124713,0.05
16,2391938995461,carla_uav_uwb_tag,A3,15.0,12.0,0.5,11.723453602494017,0.05
16,2391938995461,carla_uav_uwb_tag,A4,-15.0,12.0,4.5,20.821855939177308,0.05
17,2392038995463,carla_uav_uwb_tag,A1,-15.0,-12.0,0.5,27.47791781393524,0.05
17,2392038995463,carla_uav_uwb_tag,A2,15.0,-12.0,4.5,20.933029036094815,0.05
17,2392038995463,carla_uav_uwb_tag,A3,15.0,12.0,0.5,11.542672514147965,0.05
17,2392038995463,carla_uav_uwb_tag,A4,-15.0,12.0,4.5,20.899947121338467,0.05
18,2392138995464,carla_uav_uwb_tag,A1,-15.0,-12.0,0.5,27.51826059814243,0.05
18,2392138995464,carla_uav_uwb_tag,A2,15.0,-12.0,4.5,20.950947630368624,0.05
18,2392138995464,carla_uav_uwb_tag,A3,15.0,12.0,0.5,11.480073278100544,0.05
18,2392138995464,carla_uav_uwb_tag,A4,-15.0,12.0,4.5,21.10253182556426,0.05
19,2392238995466,carla_uav_uwb_tag,A1,-15.0,-12.0,0.5,27.671336801464438,0.05
19,2392238995466,carla_uav_uwb_tag,A2,15.0,-12.0,4.5,20.91840930612734,0.05
19,2392238995466,carla_uav_uwb_tag,A3,15.0,12.0,0.5,11.37169500223109,0.05
19,2392238995466,carla_uav_uwb_tag,A4,-15.0,12.0,4.5,21.163637571468602,0.05
20,2392338995467,carla_uav_uwb_tag,A1,-15.0,-12.0,0.5,27.843240091076204,0.05
20,2392338995467,carla_uav_uwb_tag,A2,15.0,-12.0,4.5,20.862664625291377,0.05
20,2392338995467,carla_uav_uwb_tag,A3,15.0,12.0,0.5,11.190711658254715,0.05
20,2392338995467,carla_uav_uwb_tag,A4,-15.0,12.0,4.5,21.2707908090123,0.05
21,2392438995469,carla_uav_uwb_tag,A1,-15.0,-12.0,0.5,27.887519290051387,0.05
21,2392438995469,carla_uav_uwb_tag,A2,15.0,-12.0,4.5,20.90626887687259,0.05
21,2392438995469,carla_uav_uwb_tag,A3,15.0,12.0,0.5,11.054858362212983,0.05
21,2392438995469,carla_uav_uwb_tag,A4,-15.0,12.0,4.5,21.400910369972056,0.05
22,2392538995470,carla_uav_uwb_tag,A1,-15.0,-12.0,0.5,28.09746403211097,0.05
22,2392538995470,carla_uav_uwb_tag,A2,15.0,-12.0,4.5,20.891270909557402,0.05
22,2392538995470,carla_uav_uwb_tag,A3,15.0,12.0,0.5,10.982079323527532,0.05
22,2392538995470,carla_uav_uwb_tag,A4,-15.0,12.0,4.5,21.505392936779852,0.05
23,2392638995472,carla_uav_uwb_tag,A1,-15.0,-12.0,0.5,28.17753990248853,0.05
23,2392638995472,carla_uav_uwb_tag,A2,15.0,-12.0,4.5,20.85284267868425,0.05
23,2392638995472,carla_uav_uwb_tag,A3,15.0,12.0,0.5,10.7359877028527,0.05
23,2392638995472,carla_uav_uwb_tag,A4,-15.0,12.0,4.5,21.547563514452243,0.05
24,2392738995473,carla_uav_uwb_tag,A1,-15.0,-12.0,0.5,28.257043417277455,0.05
24,2392738995473,carla_uav_uwb_tag,A2,15.0,-12.0,4.5,20.795675766049946,0.05
24,2392738995473,carla_uav_uwb_tag,A3,15.0,12.0,0.5,10.712913218231732,0.05
24,2392738995473,carla_uav_uwb_tag,A4,-15.0,12.0,4.5,21.683850205233945,0.05
25,2392838995475,carla_uav_uwb_tag,A1,-15.0,-12.0,0.5,28.42786631570981,0.05
25,2392838995475,carla_uav_uwb_tag,A2,15.0,-12.0,4.5,20.90005358769271,0.05
25,2392838995475,carla_uav_uwb_tag,A3,15.0,12.0,0.5,10.54878787585092,0.05
25,2392838995475,carla_uav_uwb_tag,A4,-15.0,12.0,4.5,21.87470952725021,0.05
26,2392938995476,carla_uav_uwb_tag,A1,-15.0,-12.0,0.5,28.522818353203586,0.05
26,2392938995476,carla_uav_uwb_tag,A2,15.0,-12.0,4.5,20.815191375201046,0.05
26,2392938995476,carla_uav_uwb_tag,A3,15.0,12.0,0.5,10.393874138957166,0.05
26,2392938995476,carla_uav_uwb_tag,A4,-15.0,12.0,4.5,21.929101316956885,0.05
27,2393038995478,carla_uav_uwb_tag,A1,-15.0,-12.0,0.5,28.733340497697046,0.05
27,2393038995478,carla_uav_uwb_tag,A2,15.0,-12.0,4.5,20.73027696097379,0.05
27,2393038995478,carla_uav_uwb_tag,A3,15.0,12.0,0.5,10.338997678678078,0.05
27,2393038995478,carla_uav_uwb_tag,A4,-15.0,12.0,4.5,22.065629493600806,0.05
28,2393138995479,carla_uav_uwb_tag,A1,-15.0,-12.0,0.5,28.78254206668727,0.05
28,2393138995479,carla_uav_uwb_tag,A2,15.0,-12.0,4.5,20.736310466006167,0.05
28,2393138995479,carla_uav_uwb_tag,A3,15.0,12.0,0.5,10.19791335177669,0.05
28,2393138995479,carla_uav_uwb_tag,A4,-15.0,12.0,4.5,22.134418192201395,0.05
29,2393238995481,carla_uav_uwb_tag,A1,-15.0,-12.0,0.5,28.9438889125235,0.05
29,2393238995481,carla_uav_uwb_tag,A2,15.0,-12.0,4.5,20.802449911144713,0.05
29,2393238995481,carla_uav_uwb_tag,A3,15.0,12.0,0.5,10.1525728687918,0.05
29,2393238995481,carla_uav_uwb_tag,A4,-15.0,12.0,4.5,22.255512121836002,0.05
30,2393338995482,carla_uav_uwb_tag,A1,-15.0,-12.0,0.5,29.000140382466935,0.05
30,2393338995482,carla_uav_uwb_tag,A2,15.0,-12.0,4.5,20.80383067163384,0.05
30,2393338995482,carla_uav_uwb_tag,A3,15.0,12.0,0.5,9.962835734986092,0.05
30,2393338995482,carla_uav_uwb_tag,A4,-15.0,12.0,4.5,22.44142437069883,0.05
31,2393438995484,carla_uav_uwb_tag,A1,-15.0,-12.0,0.5,29.211159004279168,0.05
31,2393438995484,carla_uav_uwb_tag,A2,15.0,-12.0,4.5,20.806977152368233,0.05
31,2393438995484,carla_uav_uwb_tag,A3,15.0,12.0,0.5,9.905555750233807,0.05
31,2393438995484,carla_uav_uwb_tag,A4,-15.0,12.0,4.5,22.419371223675768,0.05
32,2393538995485,carla_uav_uwb_tag,A1,-15.0,-12.0,0.5,29.254537523701867,0.05
32,2393538995485,carla_uav_uwb_tag,A2,15.0,-12.0,4.5,20.73779824896762,0.05
32,2393538995485,carla_uav_uwb_tag,A3,15.0,12.0,0.5,9.694649893842875,0.05
32,2393538995485,carla_uav_uwb_tag,A4,-15.0,12.0,4.5,22.51468552399584,0.05
33,2393638995487,carla_uav_uwb_tag,A1,-15.0,-12.0,0.5,29.4344124606036,0.05
33,2393638995487,carla_uav_uwb_tag,A2,15.0,-12.0,4.5,20.7687288316987,0.05
33,2393638995487,carla_uav_uwb_tag,A3,15.0,12.0,0.5,9.52357153675539,0.05
33,2393638995487,carla_uav_uwb_tag,A4,-15.0,12.0,4.5,22.636778692914287,0.05
34,2393738995488,carla_uav_uwb_tag,A1,-15.0,-12.0,0.5,29.53342938248737,0.05
34,2393738995488,carla_uav_uwb_tag,A2,15.0,-12.0,4.5,20.818172876075735,0.05
34,2393738995488,carla_uav_uwb_tag,A3,15.0,12.0,0.5,9.581182833036417,0.05
34,2393738995488,carla_uav_uwb_tag,A4,-15.0,12.0,4.5,22.936563213597253,0.05
35,2393838995490,carla_uav_uwb_tag,A1,-15.0,-12.0,0.5,29.65257156162735,0.05
35,2393838995490,carla_uav_uwb_tag,A2,15.0,-12.0,4.5,20.723889541785546,0.05
35,2393838995490,carla_uav_uwb_tag,A3,15.0,12.0,0.5,9.260207188564012,0.05
35,2393838995490,carla_uav_uwb_tag,A4,-15.0,12.0,4.5,22.906879600014776,0.05
36,2393938995491,carla_uav_uwb_tag,A1,-15.0,-12.0,0.5,29.704240290001305,0.05
36,2393938995491,carla_uav_uwb_tag,A2,15.0,-12.0,4.5,20.750380278349663,0.05
36,2393938995491,carla_uav_uwb_tag,A3,15.0,12.0,0.5,9.222960465265718,0.05
36,2393938995491,carla_uav_uwb_tag,A4,-15.0,12.0,4.5,22.988306996705855,0.05
37,2394038995493,carla_uav_uwb_tag,A1,-15.0,-12.0,0.5,29.910167073084683,0.05
37,2394038995493,carla_uav_uwb_tag,A2,15.0,-12.0,4.5,20.77743292397209,0.05
37,2394038995493,carla_uav_uwb_tag,A3,15.0,12.0,0.5,9.133673888515434,0.05
37,2394038995493,carla_uav_uwb_tag,A4,-15.0,12.0,4.5,23.044652723467685,0.05
38,2394138995494,carla_uav_uwb_tag,A1,-15.0,-12.0,0.5,29.8840337081468,0.05
38,2394138995494,carla_uav_uwb_tag,A2,15.0,-12.0,4.5,20.744338963466845,0.05
38,2394138995494,carla_uav_uwb_tag,A3,15.0,12.0,0.5,9.028267000338186,0.05
38,2394138995494,carla_uav_uwb_tag,A4,-15.0,12.0,4.5,23.28511932294987,0.05
39,2394238995496,carla_uav_uwb_tag,A1,-15.0,-12.0,0.5,30.084094624042628,0.05
39,2394238995496,carla_uav_uwb_tag,A2,15.0,-12.0,4.5,20.817480990099064,0.05
39,2394238995496,carla_uav_uwb_tag,A3,15.0,12.0,0.5,8.896656200368955,0.05
39,2394238995496,carla_uav_uwb_tag,A4,-15.0,12.0,4.5,23.236954843818058,0.05
40,2394338995497,carla_uav_uwb_tag,A1,-15.0,-12.0,0.5,30.138014485181028,0.05
40,2394338995497,carla_uav_uwb_tag,A2,15.0,-12.0,4.5,20.732383580486754,0.05
40,2394338995497,carla_uav_uwb_tag,A3,15.0,12.0,0.5,8.920061517951641,0.05
40,2394338995497,carla_uav_uwb_tag,A4,-15.0,12.0,4.5,23.353751211881978,0.05
41,2394438995499,carla_uav_uwb_tag,A1,-15.0,-12.0,0.5,30.33579194488046,0.05
41,2394438995499,carla_uav_uwb_tag,A2,15.0,-12.0,4.5,20.724372689280727,0.05
41,2394438995499,carla_uav_uwb_tag,A3,15.0,12.0,0.5,8.753550783546599,0.05
41,2394438995499,carla_uav_uwb_tag,A4,-15.0,12.0,4.5,23.51186366113858,0.05
42,2394538995500,carla_uav_uwb_tag,A1,-15.0,-12.0,0.5,30.392453567973977,0.05
42,2394538995500,carla_uav_uwb_tag,A2,15.0,-12.0,4.5,20.76893843639261,0.05
42,2394538995500,carla_uav_uwb_tag,A3,15.0,12.0,0.5,8.568973206025307,0.05
42,2394538995500,carla_uav_uwb_tag,A4,-15.0,12.0,4.5,23.611781479401856,0.05
43,2394638995502,carla_uav_uwb_tag,A1,-15.0,-12.0,0.5,30.48282974014898,0.05
43,2394638995502,carla_uav_uwb_tag,A2,15.0,-12.0,4.5,20.711689113066388,0.05
43,2394638995502,carla_uav_uwb_tag,A3,15.0,12.0,0.5,8.433902736853883,0.05
43,2394638995502,carla_uav_uwb_tag,A4,-15.0,12.0,4.5,23.694103221484834,0.05
44,2394738995503,carla_uav_uwb_tag,A1,-15.0,-12.0,0.5,30.688642326732566,0.05
44,2394738995503,carla_uav_uwb_tag,A2,15.0,-12.0,4.5,20.783501550300443,0.05
44,2394738995503,carla_uav_uwb_tag,A3,15.0,12.0,0.5,8.38936257664277,0.05
44,2394738995503,carla_uav_uwb_tag,A4,-15.0,12.0,4.5,23.794813509828167,0.05
45,2394838995505,carla_uav_uwb_tag,A1,-15.0,-12.0,0.5,30.777907572862468,0.05
45,2394838995505,carla_uav_uwb_tag,A2,15.0,-12.0,4.5,20.789518791026037,0.05
45,2394838995505,carla_uav_uwb_tag,A3,15.0,12.0,0.5,8.273652729141022,0.05
45,2394838995505,carla_uav_uwb_tag,A4,-15.0,12.0,4.5,23.929931348945722,0.05
46,2394938995506,carla_uav_uwb_tag,A1,-15.0,-12.0,0.5,30.835772684825532,0.05
46,2394938995506,carla_uav_uwb_tag,A2,15.0,-12.0,4.5,20.858877672530454,0.05
46,2394938995506,carla_uav_uwb_tag,A3,15.0,12.0,0.5,8.203675990429609,0.05
46,2394938995506,carla_uav_uwb_tag,A4,-15.0,12.0,4.5,23.906528233014928,0.05
47,2395038995508,carla_uav_uwb_tag,A1,-15.0,-12.0,0.5,30.846458758013778,0.05
47,2395038995508,carla_uav_uwb_tag,A2,15.0,-12.0,4.5,20.868646595666355,0.05
47,2395038995508,carla_uav_uwb_tag,A3,15.0,12.0,0.5,8.182423992981807,0.05
47,2395038995508,carla_uav_uwb_tag,A4,-15.0,12.0,4.5,24.050944478600407,0.05
48,2395138995509,carla_uav_uwb_tag,A1,-15.0,-12.0,0.5,30.994990194945707,0.05
48,2395138995509,carla_uav_uwb_tag,A2,15.0,-12.0,4.5,20.863643614068387,0.05
48,2395138995509,carla_uav_uwb_tag,A3,15.0,12.0,0.5,7.944077465107738,0.05
48,2395138995509,carla_uav_uwb_tag,A4,-15.0,12.0,4.5,24.106321927144844,0.05
49,2395238995511,carla_uav_uwb_tag,A1,-15.0,-12.0,0.5,31.14433856210038,0.05
49,2395238995511,carla_uav_uwb_tag,A2,15.0,-12.0,4.5,20.77576028733401,0.05
49,2395238995511,carla_uav_uwb_tag,A3,15.0,12.0,0.5,7.903834344409783,0.05
49,2395238995511,carla_uav_uwb_tag,A4,-15.0,12.0,4.5,24.23297118560141,0.05
50,2395338995512,carla_uav_uwb_tag,A1,-15.0,-12.0,0.5,31.225832429535686,0.05
50,2395338995512,carla_uav_uwb_tag,A2,15.0,-12.0,4.5,20.871198221448473,0.05
50,2395338995512,carla_uav_uwb_tag,A3,15.0,12.0,0.5,7.814728885920798,0.05
50,2395338995512,carla_uav_uwb_tag,A4,-15.0,12.0,4.5,24.362397251475507,0.05
51,2395438995514,carla_uav_uwb_tag,A1,-15.0,-12.0,0.5,31.20196946748396,0.05
51,2395438995514,carla_uav_uwb_tag,A2,15.0,-12.0,4.5,20.804116632329837,0.05
51,2395438995514,carla_uav_uwb_tag,A3,15.0,12.0,0.5,7.675608586944698,0.05
51,2395438995514,carla_uav_uwb_tag,A4,-15.0,12.0,4.5,24.35726838916323,0.05
52,2395538995515,carla_uav_uwb_tag,A1,-15.0,-12.0,0.5,31.354789073431924,0.05
52,2395538995515,carla_uav_uwb_tag,A2,15.0,-12.0,4.5,20.795966557386343,0.05
52,2395538995515,carla_uav_uwb_tag,A3,15.0,12.0,0.5,7.672642664361217,0.05
52,2395538995515,carla_uav_uwb_tag,A4,-15.0,12.0,4.5,24.438784114431556,0.05
53,2395638995517,carla_uav_uwb_tag,A1,-15.0,-12.0,0.5,31.49314850883881,0.05
53,2395638995517,carla_uav_uwb_tag,A2,15.0,-12.0,4.5,20.794947510523723,0.05
53,2395638995517,carla_uav_uwb_tag,A3,15.0,12.0,0.5,7.521036090016075,0.05
53,2395638995517,carla_uav_uwb_tag,A4,-15.0,12.0,4.5,24.64103248905016,0.05
54,2395738995518,carla_uav_uwb_tag,A1,-15.0,-12.0,0.5,31.610129928635654,0.05
54,2395738995518,carla_uav_uwb_tag,A2,15.0,-12.0,4.5,20.892854134368,0.05
54,2395738995518,carla_uav_uwb_tag,A3,15.0,12.0,0.5,7.441772198241652,0.05
54,2395738995518,carla_uav_uwb_tag,A4,-15.0,12.0,4.5,24.64076429672484,0.05
55,2395838995520,carla_uav_uwb_tag,A1,-15.0,-12.0,0.5,31.662311934841238,0.05
55,2395838995520,carla_uav_uwb_tag,A2,15.0,-12.0,4.5,20.845266122230566,0.05
55,2395838995520,carla_uav_uwb_tag,A3,15.0,12.0,0.5,7.37191850971203,0.05
55,2395838995520,carla_uav_uwb_tag,A4,-15.0,12.0,4.5,24.704864542725428,0.05
56,2395938995521,carla_uav_uwb_tag,A1,-15.0,-12.0,0.5,31.76698873750311,0.05
56,2395938995521,carla_uav_uwb_tag,A2,15.0,-12.0,4.5,20.85200706031621,0.05
56,2395938995521,carla_uav_uwb_tag,A3,15.0,12.0,0.5,7.404059878321098,0.05
56,2395938995521,carla_uav_uwb_tag,A4,-15.0,12.0,4.5,24.935315584026693,0.05
57,2396038995523,carla_uav_uwb_tag,A1,-15.0,-12.0,0.5,31.807393839885357,0.05
57,2396038995523,carla_uav_uwb_tag,A2,15.0,-12.0,4.5,20.833977963712975,0.05
57,2396038995523,carla_uav_uwb_tag,A3,15.0,12.0,0.5,7.121655570841372,0.05
57,2396038995523,carla_uav_uwb_tag,A4,-15.0,12.0,4.5,24.893128508343043,0.05
58,2396138995524,carla_uav_uwb_tag,A1,-15.0,-12.0,0.5,31.95206686906369,0.05
58,2396138995524,carla_uav_uwb_tag,A2,15.0,-12.0,4.5,20.916658864163658,0.05
58,2396138995524,carla_uav_uwb_tag,A3,15.0,12.0,0.5,7.0765479169002115,0.05
58,2396138995524,carla_uav_uwb_tag,A4,-15.0,12.0,4.5,24.969959237213676,0.05
59,2396238995525,carla_uav_uwb_tag,A1,-15.0,-12.0,0.5,31.91377825353761,0.05
59,2396238995525,carla_uav_uwb_tag,A2,15.0,-12.0,4.5,20.856503679912308,0.05
59,2396238995525,carla_uav_uwb_tag,A3,15.0,12.0,0.5,6.979596387374823,0.05
59,2396238995525,carla_uav_uwb_tag,A4,-15.0,12.0,4.5,25.054989692660577,0.05
60,2396338995527,carla_uav_uwb_tag,A1,-15.0,-12.0,0.5,32.06075481890175,0.05
60,2396338995527,carla_uav_uwb_tag,A2,15.0,-12.0,4.5,20.868432609096796,0.05
60,2396338995527,carla_uav_uwb_tag,A3,15.0,12.0,0.5,6.8661056084243235,0.05
60,2396338995527,carla_uav_uwb_tag,A4,-15.0,12.0,4.5,25.08566250837245,0.05
61,2396438995528,carla_uav_uwb_tag,A1,-15.0,-12.0,0.5,32.293122297460116,0.05
61,2396438995528,carla_uav_uwb_tag,A2,15.0,-12.0,4.5,20.81749435848782,0.05
61,2396438995528,carla_uav_uwb_tag,A3,15.0,12.0,0.5,6.821973716398371,0.05
61,2396438995528,carla_uav_uwb_tag,A4,-15.0,12.0,4.5,25.327182690585524,0.05
62,2396538995530,carla_uav_uwb_tag,A1,-15.0,-12.0,0.5,32.41255712830773,0.05
62,2396538995530,carla_uav_uwb_tag,A2,15.0,-12.0,4.5,20.832206228119333,0.05
62,2396538995530,carla_uav_uwb_tag,A3,15.0,12.0,0.5,6.782784884514958,0.05
62,2396538995530,carla_uav_uwb_tag,A4,-15.0,12.0,4.5,25.32747172199899,0.05
63,2396638995531,carla_uav_uwb_tag,A1,-15.0,-12.0,0.5,32.43297214400289,0.05
63,2396638995531,carla_uav_uwb_tag,A2,15.0,-12.0,4.5,20.850533781416036,0.05
63,2396638995531,carla_uav_uwb_tag,A3,15.0,12.0,0.5,6.7148665044445615,0.05
63,2396638995531,carla_uav_uwb_tag,A4,-15.0,12.0,4.5,25.423063846148967,0.05
64,2396738995533,carla_uav_uwb_tag,A1,-15.0,-12.0,0.5,32.44606298840858,0.05
64,2396738995533,carla_uav_uwb_tag,A2,15.0,-12.0,4.5,20.890327873883095,0.05
64,2396738995533,carla_uav_uwb_tag,A3,15.0,12.0,0.5,6.647947756568482,0.05
64,2396738995533,carla_uav_uwb_tag,A4,-15.0,12.0,4.5,25.387951680401788,0.05
65,2396838995534,carla_uav_uwb_tag,A1,-15.0,-12.0,0.5,32.48875233844493,0.05
65,2396838995534,carla_uav_uwb_tag,A2,15.0,-12.0,4.5,20.905218078054983,0.05
65,2396838995534,carla_uav_uwb_tag,A3,15.0,12.0,0.5,6.595328247435101,0.05
65,2396838995534,carla_uav_uwb_tag,A4,-15.0,12.0,4.5,25.500122903480072,0.05
66,2396938995536,carla_uav_uwb_tag,A1,-15.0,-12.0,0.5,32.59912058048295,0.05
66,2396938995536,carla_uav_uwb_tag,A2,15.0,-12.0,4.5,20.978697631860314,0.05
66,2396938995536,carla_uav_uwb_tag,A3,15.0,12.0,0.5,6.522138621789045,0.05
66,2396938995536,carla_uav_uwb_tag,A4,-15.0,12.0,4.5,25.61535956749845,0.05
67,2397038995537,carla_uav_uwb_tag,A1,-15.0,-12.0,0.5,32.65159461901823,0.05
67,2397038995537,carla_uav_uwb_tag,A2,15.0,-12.0,4.5,20.93770709764145,0.05
67,2397038995537,carla_uav_uwb_tag,A3,15.0,12.0,0.5,6.410528135440562,0.05
67,2397038995537,carla_uav_uwb_tag,A4,-15.0,12.0,4.5,25.682119316363057,0.05
68,2397138995539,carla_uav_uwb_tag,A1,-15.0,-12.0,0.5,32.71600806627347,0.05
68,2397138995539,carla_uav_uwb_tag,A2,15.0,-12.0,4.5,21.05208733444821,0.05
68,2397138995539,carla_uav_uwb_tag,A3,15.0,12.0,0.5,6.459065535522303,0.05
68,2397138995539,carla_uav_uwb_tag,A4,-15.0,12.0,4.5,25.75279231742383,0.05
69,2397238995540,carla_uav_uwb_tag,A1,-15.0,-12.0,0.5,32.75317009635172,0.05
69,2397238995540,carla_uav_uwb_tag,A2,15.0,-12.0,4.5,20.90160500088208,0.05
69,2397238995540,carla_uav_uwb_tag,A3,15.0,12.0,0.5,6.375316143927376,0.05
69,2397238995540,carla_uav_uwb_tag,A4,-15.0,12.0,4.5,25.812492133124035,0.05
70,2397338995542,carla_uav_uwb_tag,A1,-15.0,-12.0,0.5,32.8842718674341,0.05
70,2397338995542,carla_uav_uwb_tag,A2,15.0,-12.0,4.5,20.8798547397053,0.05
70,2397338995542,carla_uav_uwb_tag,A3,15.0,12.0,0.5,6.299073889065565,0.05
70,2397338995542,carla_uav_uwb_tag,A4,-15.0,12.0,4.5,25.88654575803177,0.05
71,2397438995543,carla_uav_uwb_tag,A1,-15.0,-12.0,0.5,32.872172405243504,0.05
71,2397438995543,carla_uav_uwb_tag,A2,15.0,-12.0,4.5,20.953407380871905,0.05
71,2397438995543,carla_uav_uwb_tag,A3,15.0,12.0,0.5,6.204405709315207,0.05
71,2397438995543,carla_uav_uwb_tag,A4,-15.0,12.0,4.5,25.92953072703996,0.05
72,2397538995545,carla_uav_uwb_tag,A1,-15.0,-12.0,0.5,32.97898901110617,0.05
72,2397538995545,carla_uav_uwb_tag,A2,15.0,-12.0,4.5,20.98173642222915,0.05
72,2397538995545,carla_uav_uwb_tag,A3,15.0,12.0,0.5,6.118715352733323,0.05
72,2397538995545,carla_uav_uwb_tag,A4,-15.0,12.0,4.5,25.996212381540744,0.05
73,2397638995546,carla_uav_uwb_tag,A1,-15.0,-12.0,0.5,33.13155857817244,0.05
73,2397638995546,carla_uav_uwb_tag,A2,15.0,-12.0,4.5,20.86850958086083,0.05
73,2397638995546,carla_uav_uwb_tag,A3,15.0,12.0,0.5,6.061124920615589,0.05
73,2397638995546,carla_uav_uwb_tag,A4,-15.0,12.0,4.5,26.057693389846175,0.05
74,2397738995548,carla_uav_uwb_tag,A1,-15.0,-12.0,0.5,33.13561714037594,0.05
74,2397738995548,carla_uav_uwb_tag,A2,15.0,-12.0,4.5,20.988178073031616,0.05
74,2397738995548,carla_uav_uwb_tag,A3,15.0,12.0,0.5,5.928364013559215,0.05
74,2397738995548,carla_uav_uwb_tag,A4,-15.0,12.0,4.5,26.124109123476167,0.05
75,2397838995549,carla_uav_uwb_tag,A1,-15.0,-12.0,0.5,33.26847395377852,0.05
75,2397838995549,carla_uav_uwb_tag,A2,15.0,-12.0,4.5,20.939989083883116,0.05
75,2397838995549,carla_uav_uwb_tag,A3,15.0,12.0,0.5,6.00418546260778,0.05
75,2397838995549,carla_uav_uwb_tag,A4,-15.0,12.0,4.5,26.148695321956886,0.05
76,2397938995551,carla_uav_uwb_tag,A1,-15.0,-12.0,0.5,33.2387824207401,0.05
76,2397938995551,carla_uav_uwb_tag,A2,15.0,-12.0,4.5,20.973905584326623,0.05
76,2397938995551,carla_uav_uwb_tag,A3,15.0,12.0,0.5,5.890616739924203,0.05
76,2397938995551,carla_uav_uwb_tag,A4,-15.0,12.0,4.5,26.286104136986843,0.05
77,2398038995552,carla_uav_uwb_tag,A1,-15.0,-12.0,0.5,33.32915192959212,0.05
77,2398038995552,carla_uav_uwb_tag,A2,15.0,-12.0,4.5,21.122985362442236,0.05
77,2398038995552,carla_uav_uwb_tag,A3,15.0,12.0,0.5,5.914117447958966,0.05
77,2398038995552,carla_uav_uwb_tag,A4,-15.0,12.0,4.5,26.297571644260035,0.05
78,2398138995554,carla_uav_uwb_tag,A1,-15.0,-12.0,0.5,33.44380064153835,0.05
78,2398138995554,carla_uav_uwb_tag,A2,15.0,-12.0,4.5,21.068075907012005,0.05
78,2398138995554,carla_uav_uwb_tag,A3,15.0,12.0,0.5,5.846115812007779,0.05
78,2398138995554,carla_uav_uwb_tag,A4,-15.0,12.0,4.5,26.31382167268192,0.05
79,2398238995555,carla_uav_uwb_tag,A1,-15.0,-12.0,0.5,33.414953038281965,0.05
79,2398238995555,carla_uav_uwb_tag,A2,15.0,-12.0,4.5,21.020928734832093,0.05
79,2398238995555,carla_uav_uwb_tag,A3,15.0,12.0,0.5,5.805195443566299,0.05
79,2398238995555,carla_uav_uwb_tag,A4,-15.0,12.0,4.5,26.321313081496484,0.05
80,2398338995557,carla_uav_uwb_tag,A1,-15.0,-12.0,0.5,33.50415109831963,0.05
80,2398338995557,carla_uav_uwb_tag,A2,15.0,-12.0,4.5,21.055851897773877,0.05
80,2398338995557,carla_uav_uwb_tag,A3,15.0,12.0,0.5,5.766840286434255,0.05
80,2398338995557,carla_uav_uwb_tag,A4,-15.0,12.0,4.5,26.467832427645238,0.05
81,2398438995558,carla_uav_uwb_tag,A1,-15.0,-12.0,0.5,33.60790658645402,0.05
81,2398438995558,carla_uav_uwb_tag,A2,15.0,-12.0,4.5,21.111393872609625,0.05
81,2398438995558,carla_uav_uwb_tag,A3,15.0,12.0,0.5,5.5837470452319256,0.05
81,2398438995558,carla_uav_uwb_tag,A4,-15.0,12.0,4.5,26.47554272197952,0.05
82,2398538995560,carla_uav_uwb_tag,A1,-15.0,-12.0,0.5,33.50848686142024,0.05
82,2398538995560,carla_uav_uwb_tag,A2,15.0,-12.0,4.5,21.05829859295594,0.05
82,2398538995560,carla_uav_uwb_tag,A3,15.0,12.0,0.5,5.693529902117777,0.05
82,2398538995560,carla_uav_uwb_tag,A4,-15.0,12.0,4.5,26.55783124840482,0.05
83,2398638995561,carla_uav_uwb_tag,A1,-15.0,-12.0,0.5,33.58074772738678,0.05
83,2398638995561,carla_uav_uwb_tag,A2,15.0,-12.0,4.5,21.042750761385058,0.05
83,2398638995561,carla_uav_uwb_tag,A3,15.0,12.0,0.5,5.5767439790934334,0.05
83,2398638995561,carla_uav_uwb_tag,A4,-15.0,12.0,4.5,26.510681723789034,0.05
84,2398738995563,carla_uav_uwb_tag,A1,-15.0,-12.0,0.5,33.62913401675426,0.05
84,2398738995563,carla_uav_uwb_tag,A2,15.0,-12.0,4.5,21.1181097786171,0.05
84,2398738995563,carla_uav_uwb_tag,A3,15.0,12.0,0.5,5.591515243688402,0.05
84,2398738995563,carla_uav_uwb_tag,A4,-15.0,12.0,4.5,26.64599249857458,0.05
85,2398838995564,carla_uav_uwb_tag,A1,-15.0,-12.0,0.5,33.59349190885933,0.05
85,2398838995564,carla_uav_uwb_tag,A2,15.0,-12.0,4.5,21.12664784386956,0.05
85,2398838995564,carla_uav_uwb_tag,A3,15.0,12.0,0.5,5.49750888376598,0.05
85,2398838995564,carla_uav_uwb_tag,A4,-15.0,12.0,4.5,26.67875011671142,0.05
86,2398938995566,carla_uav_uwb_tag,A1,-15.0,-12.0,0.5,33.832585757403876,0.05
86,2398938995566,carla_uav_uwb_tag,A2,15.0,-12.0,4.5,21.01702242237487,0.05
86,2398938995566,carla_uav_uwb_tag,A3,15.0,12.0,0.5,5.426022502381218,0.05
86,2398938995566,carla_uav_uwb_tag,A4,-15.0,12.0,4.5,26.728541876923316,0.05
87,2399038995567,carla_uav_uwb_tag,A1,-15.0,-12.0,0.5,33.71479109347469,0.05
87,2399038995567,carla_uav_uwb_tag,A2,15.0,-12.0,4.5,21.20255496026363,0.05
87,2399038995567,carla_uav_uwb_tag,A3,15.0,12.0,0.5,5.437146336333678,0.05
87,2399038995567,carla_uav_uwb_tag,A4,-15.0,12.0,4.5,26.780734876555876,0.05
88,2399138995569,carla_uav_uwb_tag,A1,-15.0,-12.0,0.5,33.80576889307133,0.05
88,2399138995569,carla_uav_uwb_tag,A2,15.0,-12.0,4.5,21.1778277124511,0.05
88,2399138995569,carla_uav_uwb_tag,A3,15.0,12.0,0.5,5.436793424201254,0.05
88,2399138995569,carla_uav_uwb_tag,A4,-15.0,12.0,4.5,26.7878951746242,0.05
89,2399238995570,carla_uav_uwb_tag,A1,-15.0,-12.0,0.5,33.88485561285441,0.05
89,2399238995570,carla_uav_uwb_tag,A2,15.0,-12.0,4.5,21.158834051689254,0.05
89,2399238995570,carla_uav_uwb_tag,A3,15.0,12.0,0.5,5.306302034543645,0.05
89,2399238995570,carla_uav_uwb_tag,A4,-15.0,12.0,4.5,26.805185143526938,0.05
90,2399338995572,carla_uav_uwb_tag,A1,-15.0,-12.0,0.5,33.902653373795324,0.05
90,2399338995572,carla_uav_uwb_tag,A2,15.0,-12.0,4.5,21.17245740864933,0.05
90,2399338995572,carla_uav_uwb_tag,A3,15.0,12.0,0.5,5.367045798142111,0.05
90,2399338995572,carla_uav_uwb_tag,A4,-15.0,12.0,4.5,26.794347850270455,0.05
91,2399438995573,carla_uav_uwb_tag,A1,-15.0,-12.0,0.5,33.93949690617372,0.05
91,2399438995573,carla_uav_uwb_tag,A2,15.0,-12.0,4.5,21.235115005759617,0.05
91,2399438995573,carla_uav_uwb_tag,A3,15.0,12.0,0.5,5.248935004220177,0.05
91,2399438995573,carla_uav_uwb_tag,A4,-15.0,12.0,4.5,26.839276310935855,0.05
92,2399538995575,carla_uav_uwb_tag,A1,-15.0,-12.0,0.5,33.98968742219426,0.05
92,2399538995575,carla_uav_uwb_tag,A2,15.0,-12.0,4.5,21.210779599231724,0.05
92,2399538995575,carla_uav_uwb_tag,A3,15.0,12.0,0.5,5.257181506928566,0.05
92,2399538995575,carla_uav_uwb_tag,A4,-15.0,12.0,4.5,26.978396424000568,0.05
93,2399638995576,carla_uav_uwb_tag,A1,-15.0,-12.0,0.5,34.05455819579673,0.05
93,2399638995576,carla_uav_uwb_tag,A2,15.0,-12.0,4.5,21.217933410695064,0.05
93,2399638995576,carla_uav_uwb_tag,A3,15.0,12.0,0.5,5.256264672028399,0.05
93,2399638995576,carla_uav_uwb_tag,A4,-15.0,12.0,4.5,27.058288932561542,0.05
94,2399738995578,carla_uav_uwb_tag,A1,-15.0,-12.0,0.5,34.03192673569461,0.05
94,2399738995578,carla_uav_uwb_tag,A2,15.0,-12.0,4.5,21.082702113460044,0.05
94,2399738995578,carla_uav_uwb_tag,A3,15.0,12.0,0.5,5.2821631921459336,0.05
94,2399738995578,carla_uav_uwb_tag,A4,-15.0,12.0,4.5,26.947376319130473,0.05
95,2399838995579,carla_uav_uwb_tag,A1,-15.0,-12.0,0.5,34.07635268182236,0.05
95,2399838995579,carla_uav_uwb_tag,A2,15.0,-12.0,4.5,21.255139737119272,0.05
95,2399838995579,carla_uav_uwb_tag,A3,15.0,12.0,0.5,5.096671358308065,0.05
95,2399838995579,carla_uav_uwb_tag,A4,-15.0,12.0,4.5,26.934414580478997,0.05
96,2399938995581,carla_uav_uwb_tag,A1,-15.0,-12.0,0.5,34.017999636784936,0.05
96,2399938995581,carla_uav_uwb_tag,A2,15.0,-12.0,4.5,21.15647546248747,0.05
96,2399938995581,carla_uav_uwb_tag,A3,15.0,12.0,0.5,5.1750129966378875,0.05
96,2399938995581,carla_uav_uwb_tag,A4,-15.0,12.0,4.5,27.04835166296158,0.05
97,2400038995582,carla_uav_uwb_tag,A1,-15.0,-12.0,0.5,34.13731049467454,0.05
97,2400038995582,carla_uav_uwb_tag,A2,15.0,-12.0,4.5,21.131789408600735,0.05
97,2400038995582,carla_uav_uwb_tag,A3,15.0,12.0,0.5,5.015179144719782,0.05
97,2400038995582,carla_uav_uwb_tag,A4,-15.0,12.0,4.5,27.048414163271623,0.05
98,2400138995584,carla_uav_uwb_tag,A1,-15.0,-12.0,0.5,34.12363553742597,0.05
98,2400138995584,carla_uav_uwb_tag,A2,15.0,-12.0,4.5,21.231371883632903,0.05
98,2400138995584,carla_uav_uwb_tag,A3,15.0,12.0,0.5,5.144858072637487,0.05
98,2400138995584,carla_uav_uwb_tag,A4,-15.0,12.0,4.5,27.074524722120213,0.05
99,2400238995585,carla_uav_uwb_tag,A1,-15.0,-12.0,0.5,34.207261037946935,0.05
99,2400238995585,carla_uav_uwb_tag,A2,15.0,-12.0,4.5,21.225553415871257,0.05
99,2400238995585,carla_uav_uwb_tag,A3,15.0,12.0,0.5,5.116748345585914,0.05
99,2400238995585,carla_uav_uwb_tag,A4,-15.0,12.0,4.5,27.052671825393137,0.05
