replicate,uav_estimate_x_m,uav_estimate_y_m,uav_error_xy_m,target_raw_x_m,target_raw_y_m,target_raw_error_xy_m,target_bias_corrected_x_m,target_bias_corrected_y_m,target_bias_corrected_error_xy_m
1,1.0155207800359665,3.8136119930507064,0.03934237894273437,0.8215028372716378,4.758935562674781,0.128757912394692,0.9371446337882481,4.893221613787756,0.04847021487662657
2,0.9985380385258312,3.8043382177304434,0.020583306538689294,0.8068716566024144,4.751944843155288,0.14379113740117633,0.9225134531190248,4.886230894268263,0.03442656892797716
3,0.9838143066104625,3.7850216917588146,0.004067258838492663,0.8231464670746504,4.765668305385118,0.12264720143109967,0.9387882635912608,4.899954356498093,0.054785666143133425
4,0.9984710625203079,3.828437890593582,0.04176520264390874,0.7572254594070474,4.76134749914962,0.1764551099890117,0.8728672559236578,4.895633550262596,0.051852131232843296
5,0.9977867800081677,3.8008733907527543,0.017580336159593837,0.8337580318308901,4.709234713278793,0.16359374699623871,0.9493998283475005,4.843520764391768,0.04494262574111306
6,0.9785158138291697,3.795363888291492,0.009026637513955542,0.8331665909121778,4.751611701037952,0.12733041594676242,0.9488083874287881,4.885897752150927,0.05210035014417817
7,0.9879140428122943,3.7766534851520626,0.012668476895950867,0.8122314326862243,4.719875432220035,0.16533852152534076,0.9278732292028347,4.8541614833330105,0.021744040831976875
8,0.9934315797734746,3.7649322356757455,0.025499119094256565,0.7485264976074226,4.69920903372541,0.22230083193976422,0.864168294124033,4.833495084838385,0.04763729761976826
9,0.98140886755006,3.768902635891253,0.020343738767848805,0.8323070508369782,4.6977248290191795,0.17459743547222586,0.9479488473535885,4.832010880132155,0.04810787997862587
10,0.9663856198152369,3.7882886109674963,0.01849379212306261,0.7560274815247765,4.682050544422091,0.22974028211475642,0.8716692780413868,4.816336595535066,0.05252439850247769
11,0.9969908581873057,3.804120519978527,0.019419383332462552,0.8365114286063701,4.704841016644357,0.16637251361458885,0.9521532251229804,4.839127067757333,0.04892371609248962
12,1.002173685047286,3.8064711082579206,0.024626885668600808,0.7987222665025271,4.713171713871952,0.17868150033365754,0.9143640630191374,4.847457764984927,0.0117547841188267
13,0.9757603348761155,3.7924422061394494,0.009753762146157894,0.8378049150840942,4.732569587020625,0.1410388325958949,0.9534467116007045,4.8668556381336,0.048496924105114254
14,0.9834854982557604,3.797071135769545,0.00823769623762113,0.7397049664897887,4.732806372515055,0.20706594155360133,0.855346763006399,4.867092423628031,0.05206715749754717
15,0.999311472460873,3.783889049660867,0.015304950052426236,0.85331518763798,4.664202141331149,0.19887328319206196,0.9689569841545903,4.7984881924441245,0.08506623929492012
16,0.9735365589996445,3.8432266122175887,0.05544655274594596,0.7594528584674056,4.738360589147327,0.18802589727838243,0.875094654984016,4.872646640260302,0.03531987874127493
17,0.9718136547994267,3.785257487390609,0.01356617047457786,0.782783005946325,4.778533078064533,0.1456698314663818,0.8984248024629353,4.9128191291775085,0.05743296720058843
18,0.9639295336598266,3.8144730902206248,0.03301240945436495,0.7163950193107979,4.711202270121537,0.2386790189634901,0.8320368158274082,4.845488321234512,0.07489253165880734
19,1.0068153292108277,3.779926218682187,0.023730492824677395,0.7508066523248903,4.6751886749294025,0.23834650956706355,0.8664484488415006,4.809474726042378,0.061129984327396025
20,0.9909890022125674,3.79667038868181,0.009852568483146586,0.7823154283260146,4.733367575510819,0.1742562259257024,0.897957224842625,4.867653626623794,0.014343681357983331
21,0.9826372375258953,3.7766109285960203,0.012539224904917271,0.8396237915809116,4.631255112228708,0.23431689845358258,0.9552655880975219,4.765541163341683,0.10283405593107349
22,0.9399456160758278,3.799900603286761,0.046237360792626976,0.8046999206903254,4.6779799931341906,0.20484895633052394,0.9203417172069357,4.812266044247166,0.045882569859078244
23,0.9961833767104359,3.816275484348622,0.02957563590060679,0.8113442181926257,4.752331047916573,0.14045366649675756,0.926986014709236,4.886617099029548,0.03707672888329847
24,0.9761564472332401,3.782735389397694,0.010700825922056754,0.7358482574050127,4.745001351245465,0.20327697874219722,0.851490053921623,4.8792874023584405,0.059493296805326425
25,0.9831416072779405,3.786757671473919,0.0027903706350813017,0.7900589162599206,4.719624636705797,0.17906363522850605,0.905700712776531,4.8539106878187726,0.0020654608718760044
26,0.9646773797719583,3.7928285452171453,0.020559315899689887,0.7796988940262295,4.685819341634055,0.21197883530432224,0.8953406905428398,4.82010539274703,0.03741984706601843
27,1.000714429599708,3.7665536203713192,0.02743592278113046,0.8913248984786252,4.69372060995206,0.16287496523057446,1.0069666949952354,4.828006661065036,0.10456001274119309
28,1.0074317523153447,3.7509075097075883,0.04423108465854071,0.7847819130927091,4.658861457583429,0.23145714177979326,0.9004237096093194,4.793147508696404,0.06303261172163405
29,0.9870754747873255,3.776435148524506,0.012708323288488782,0.7706229118746546,4.6987611749190865,0.20755345847549034,0.8862647083912649,4.833047226032062,0.030337206072766007
30,0.993282929610273,3.7926242992162376,0.009182438082511096,0.7799708562127573,4.746196920850835,0.1672478110146194,0.8956126527293676,4.8804829719638105,0.02675224095067499
31,0.9942134206178498,3.798276818076466,0.013203429211637996,0.8474637098821769,4.745072882718372,0.1254428282400445,0.9631055063987872,4.879358933831347,0.06154559025692559
32,0.962349457979544,3.802476530571483,0.026268365475371078,0.7703518209969008,4.728148198332319,0.18649143723622272,0.8859936175135111,4.862434249445294,0.021232048737837978
33,1.008314872149316,3.808136513584401,0.030296702617033263,0.8125470435773144,4.727750686191978,0.1587354412587143,0.9281888400939248,4.862036737304954,0.02282511903179652
34,1.0147908541787802,3.8071214308662187,0.035008514767938925,0.8250886136326586,4.694900824990764,0.18029028618872664,0.940730410149269,4.82918687610374,0.0436661899559257
35,1.0409964863286545,3.7694331446093092,0.05942533504535516,0.8379336093138808,4.722139376875729,0.15018717980143786,0.9535754058304912,4.856425427988705,0.047378156601417136
36,1.009589910772081,3.801844311646699,0.02788282431329701,0.7242251414134921,4.773278243157577,0.19985911326916214,0.8398669379301025,4.907564294270553,0.08406982640304395
37,1.0006796000208196,3.7914421668699156,0.016007186812841523,0.8133785196806957,4.70354375256704,0.17841746504627906,0.9290203161973061,4.837829803680015,0.02911764601362219
38,1.0166175528689534,3.787841389427038,0.03176933452564784,0.8310108822819166,4.780239995478934,0.10667752167834434,0.9466526787985269,4.914526046591909,0.07121577406040458
39,0.9705992019016216,3.7966585884397377,0.016217447821126496,0.772666461812151,4.776747820530048,0.15523733855655936,0.8883082583287614,4.911033871643023,0.05795011784855401
40,0.9926002457405446,3.794867209337525,0.009736793135944076,0.7789064233340937,4.752492063255799,0.16401200108627728,0.894548219850704,4.8867781143687745,0.03298942824328755
41,1.002124644232862,3.7887593925148124,0.017258124877010877,0.8186409874970407,4.755794593415333,0.13300622234681164,0.9342827840136511,4.890080644528308,0.04422602506770786
42,0.9856117955466076,3.808182724974972,0.01924691308181744,0.8392233907107374,4.723352142178349,0.14852188142114786,0.9548651872273477,4.857638193291325,0.04869568984664107
43,0.9995262112223289,3.7917299612811783,0.014919875307055698,0.8101377033319894,4.754734561770974,0.13951854498097752,0.9257794998485998,4.889020612883949,0.03846226023652285
44,0.9617654599739363,3.791902135109406,0.02328994570648778,0.7069645108324634,4.72029514160603,0.24101347945571464,0.8226063073490737,4.854581192719006,0.08360433128195512
45,1.0007015945956415,3.7846634381040456,0.016404041480079658,0.7681761052824506,4.771399247697914,0.16184402960296346,0.883817901799061,4.90568529881089,0.05457152694435445
46,0.9799399484924828,3.79810684098639,0.01039833954993353,0.7507178058147637,4.739615527016252,0.19416553602633915,0.866359602331374,4.873901578129227,0.043712447954054365
47,0.9650620579909202,3.753127308718121,0.040933341201389147,0.8548237604345655,4.685147669439602,0.1783282446645669,0.9704655569511759,4.819433720552578,0.07389815828830017
48,0.9655025974151832,3.776806742101412,0.022857515955231947,0.7403397793212441,4.716026028437376,0.21697582216655925,0.8559815758378544,4.850312079550352,0.050530007429198276
49,0.994545778800628,3.783113684541713,0.01130188579926523,0.8114684188560829,4.744169188314013,0.14649633142059654,0.9271102153726932,4.878455239426988,0.030745801277009155
50,0.9652872818095996,3.790179338996502,0.01961883331108091,0.7796459570167527,4.754103478180738,0.162423797851623,0.895287753533363,4.888389529293714,0.03425900006250307
51,0.9820041510275155,3.7966801214323938,0.00824322690545208,0.8686206730031008,4.778348162275966,0.08619050776318232,0.9842624695197111,4.912634213388942,0.09649264419065975
52,0.9760720922375878,3.808450980875175,0.02139253926792661,0.7804430634452075,4.7310120238556435,0.17724427766862788,0.8960848599618179,4.865298074968619,0.01379710659047824
53,0.9688575798692532,3.785407701471415,0.01639723318299971,0.7968209224927432,4.633887123789342,0.24750780426279725,0.9124627190093535,4.7681731749023175,0.08796494104130467
54,1.0003255402963442,3.7933741942578,0.016078569254571243,0.8132254800519748,4.79589185003783,0.11066628718844419,0.9288672765685851,4.930177901150805,0.07764534573945599
55,0.9630433659308456,3.793863773090664,0.022370498721347394,0.8135239355473796,4.794197865529733,0.11134560825804193,0.9291657320639899,4.928483916642708,0.07611627915326499
56,0.9794887232942693,3.806984484699403,0.018819331994700438,0.7851183714422095,4.82266167968522,0.12556487172374617,0.9007601679588199,4.956947730798196,0.10117917750957497
57,1.006770175647152,3.761564352062166,0.035067205868971024,0.8065064068048153,4.6429885548297545,0.235109417662323,0.9221482033214257,4.77727460594273,0.0802411367982578
58,0.9963070266046848,3.785293503510838,0.012009685307300648,0.789409762568603,4.761446549150458,0.15021393965120303,0.9050515590852133,4.895732600263433,0.03983426513837723
59,0.977958310730396,3.7851796220123473,0.007871164057033482,0.7678617452067363,4.74399922702441,0.17793984704982305,0.8835035417233467,4.878285278137385,0.031867904259502644
60,0.9611561149514661,3.7534486030546597,0.04269188555048792,0.7294005011278145,4.645559179837709,0.2747864427533857,0.8450422976444248,4.779845230950684,0.09760562553246273
61,0.982546232134115,3.8060116062203635,0.017218595095356587,0.8935143360331161,4.7188313458958575,0.137669259917024,1.0091561325497265,4.853117397008833,0.10299413195357135
62,0.9561247292064043,3.7670325603813204,0.03614601384630514,0.7427050012298138,4.70391612828074,0.22323583781869982,0.8583467977464241,4.838202179393716,0.051026162025750194
63,1.0011923509790017,3.79896818407799,0.019153543440260247,0.7864418623262769,4.769995888595342,0.14739093243138693,0.9020836588428872,4.9042819397083175,0.048541893371801766
64,0.9703011972420108,3.7881898002604686,0.014586211138941797,0.8466031235521105,4.670831430529125,0.19444196046880788,0.9622449200687209,4.8051174816421005,0.07564000349589543
65,0.9889704373361445,3.769949192256148,0.0194389299417118,0.7992706093044543,4.683874321137873,0.20256320784750992,0.9149124058210646,4.818160372250849,0.03874674049232611
66,0.9869596956760687,3.7834337261986617,0.005899874416169015,0.8300653117935713,4.641184197623195,0.22782836204099532,0.9457071083101817,4.775470248736171,0.08962227679008436
67,0.9701286880052613,3.763741523986981,0.029201239717594515,0.8123366574704048,4.703910369729352,0.17864966373644553,0.9279784539870152,4.838196420842327,0.028075707213391657
68,0.9767830474964388,3.790307310198116,0.00819764023135785,0.7940345499431638,4.7389028557338415,0.16208918901650154,0.9096763464597741,4.873188906846817,0.017620343860764026
69,0.9539429359779698,3.768885197409471,0.036863773672899475,0.795206831230979,4.72117639072329,0.17456788844295576,0.9108486277475893,4.8554624418362655,0.004670594453553643
70,0.957196223369904,3.8066650353770544,0.03285603216824126,0.689786115285584,4.806986252758328,0.22187604961658988,0.8054279118021943,4.941272303871304,0.13206400435040702
71,0.9921279135817019,3.7709162613343685,0.019440567803494378,0.8098431171604142,4.732395197404608,0.15665811253480763,0.9254849136770246,4.866681248517583,0.022086699467669592
72,0.9851420592988662,3.791796048009902,0.002859048884379413,0.7573475550493753,4.728532546143392,0.19591659658046062,0.8729893515659857,4.862818597256368,0.03392061752603619
73,0.9823091186430195,3.7840604134656455,0.0055186740358722786,0.7608161774442523,4.714670061675771,0.20269819538178668,0.8764579739608627,4.848956112788747,0.030545257300089616
74,0.9693311679295414,3.787599040313253,0.015595049504837075,0.8056683820808758,4.735100684109996,0.15717086059522598,0.9213101785974861,4.869386735222972,0.02024371540759659
75,0.9668727691504083,3.7933914657647207,0.018534772762511482,0.8011633818809912,4.734594720865653,0.16047203950314895,0.9168051783976016,4.8688807719786285,0.016750636123233163
76,0.9933886131994859,3.802314280900916,0.015849498760986985,0.831143466474497,4.66408042867964,0.2059950124703903,0.9467852629911073,4.798366479792615,0.07042005045271112
77,1.0068624678413802,3.7753419725651725,0.025864248554558236,0.7903430794029692,4.7788873073530205,0.13912611219999174,0.9059848759195795,4.913173358465996,0.057258868965701044
78,0.9834631136493375,3.781411228036325,0.0076686826579839456,0.7685565651146582,4.7786328533574185,0.1578550883364933,0.8841983616312685,4.912918904470394,0.061102613236096094
79,0.9629296818814359,3.799785910729875,0.024468012279328807,0.7317674574801414,4.692644211701878,0.23892263907586914,0.8474092539967517,4.826930262814853,0.06554739230782869
80,0.9928074974427143,3.7730238615185687,0.017795809036019405,0.8410286246059147,4.711726786842819,0.15823248182938096,0.956670421122525,4.8460128379557945,0.05143261722489957
81,0.9965213608061925,3.7912624236487886,0.011880955058423185,0.7646003542851155,4.7094394674199265,0.20372901154769585,0.8802421508017259,4.843725518532902,0.02867735692042896
82,0.9684820613236363,3.8172026878893734,0.03266018652386053,0.7674863644754892,4.732981510598837,0.18534856174441267,0.8831281609920996,4.867267561711812,0.025713670062380702
83,1.0082890929268564,3.7683473190639885,0.03119369287157467,0.8090778567629469,4.7284061290188415,0.16028473338503743,0.9247196532795572,4.862692180131817,0.019720780159482882
84,0.9928738529941363,3.7686017821460096,0.021866843402239294,0.7837408467179658,4.699493891073876,0.1986549124969103,0.8993826432345762,4.833779942186852,0.023161010946912478
85,0.989713841696536,3.7760482696902002,0.013782099292514016,0.9047856523581603,4.714721608739051,0.14120036853310067,1.0204274488747707,4.849007659852027,0.11443609550628078
86,1.0113824826128934,3.786838026358425,0.026598903499265907,0.8030168305118175,4.7361275090196635,0.15810055020240177,0.9186586270284278,4.870413560132639,0.019116189948956502
87,0.9805564959154788,3.796151748133886,0.00839330744374346,0.7661606501593816,4.663425242596714,0.23804051179096047,0.881802446675992,4.79771129370969,0.06311021827224529
88,0.9945247220184944,3.796988141817978,0.012564589935451074,0.7761155256513702,4.713282545837031,0.1930439253118088,0.8917573221679805,4.847568596950007,0.016680875606913326
89,1.0012582277640434,3.7894405024933446,0.016397985051952516,0.7362317164235131,4.731200712444091,0.210814715823093,0.8518735129401235,4.865486763557066,0.055163283898042904
90,0.9840464544519971,3.8201823940186523,0.031242980414166795,0.8743309225267542,4.772288251497674,0.08949331467295785,0.9899727190433645,4.906574302610649,0.09789915308878946
91,0.9650462336928975,3.7722389951155524,0.02592585775424002,0.7444788002360049,4.698322235638383,0.22580786589903812,0.8601205967526152,4.832608286751358,0.051638254494373065
92,0.9867682544026698,3.8068251832987547,0.017975745029878115,0.8056933158830972,4.743070724325689,0.15111386466908214,0.9213351123997076,4.877356775438664,0.026245493392297054
93,0.9803179928484025,3.787296528563137,0.004840799410588197,0.8173244360579882,4.725273885935081,0.1580061351788694,0.9329662325745985,4.859559937048057,0.027013284654992257
94,0.9777445350608549,3.7890389614589646,0.007123592126878583,0.780618270721784,4.680348750586978,0.2158569927219236,0.8962600672383944,4.814634801699953,0.04245996057448434
95,0.9949897732724539,3.798480621907672,0.013902796349913751,0.7701085925085731,4.729645034241588,0.18564737698036343,0.8857503890251834,4.863931085354563,0.021964651579171178
96,0.9498534908494163,3.7655913429855827,0.04209064626574094,0.8034098915177221,4.715463336538564,0.17404725303078317,0.9190516880343325,4.849749387651539,0.014254099380255108
97,1.0115098095003323,3.788494657963047,0.02664612960995422,0.9012163986962298,4.75214407761246,0.10389041599785487,1.0168581952128402,4.8864301287254355,0.11478856973359704
98,0.9681477737376174,3.784291360510757,0.01735674414829634,0.7912165157451818,4.7796624508804,0.1379696947691038,0.9068583122617921,4.913948501993375,0.05803734208433501
99,1.0110870937484837,3.804162967023377,0.030313220057629917,0.6967621727922736,4.735294066461001,0.24168903038676762,0.8124039693088839,4.869580117573976,0.09478625279650285
100,0.994078306584832,3.7744446783223675,0.017182779595566192,0.7902716319609373,4.720908896143179,0.1779494475127904,0.9059134284775476,4.855194947256154,0.000774884507526916
101,0.962806507008049,3.772681399917241,0.02741103298022036,0.7164656007324611,4.677567014859143,0.26039798025877325,0.8321073972490715,4.811853065972119,0.08620416717198746
102,0.9645282621455334,3.7805284513293755,0.02201394020259927,0.7468177565060494,4.643660363958818,0.2654330139632025,0.8624595530226598,4.777946415071794,0.0893997223062522
103,0.9732777423424533,3.798366489386984,0.014932869853543453,0.7736403494021737,4.721470798486001,0.1888048613839603,0.8892821459187841,4.8557568495989765,0.016918592276692356
104,0.9673580096252187,3.7788019733365834,0.02023787224862376,0.720004525800502,4.771972942026061,0.2042425172418197,0.8356463223171123,4.906258993139036,0.08667381260371208
105,0.9889605101648496,3.791216581472007,0.0046785236573221355,0.7468489625924235,4.704952842837441,0.21950465575574285,0.8624907591090338,4.839238893950417,0.046782333248194065
106,0.9666370265284145,3.770515409824108,0.025926715349874188,0.763743524219572,4.7733937167326745,0.16463168627623664,0.8793853207361824,4.90767976784565,0.058297763489925006
107,0.987280092684302,3.788263217798885,0.0025084253217957076,0.7714929887366583,4.705636457495346,0.20181572596474834,0.8871347852532686,4.839922508608321,0.0248845090690063
108,0.9855074286142074,3.7956625808513333,0.00674280311491506,0.8070024548844413,4.788465921158867,0.11995631222496829,0.9226442514010517,4.9227519722718425,0.06883028757205527
109,0.9684354677749317,3.7796119253354425,0.018900201139021314,0.7950921239691714,4.685746498352868,0.20322953245741326,0.9107339204857817,4.820032549465844,0.03616765207688892
110,0.9951081514736366,3.7769009787177734,0.015813073476056035,0.8974827905446308,4.700064117029018,0.15609437627208853,1.013124587061241,4.834350168141993,0.10907751694565758
111,1.0047510782423374,3.792636817046641,0.020222384491094682,0.7781449473838006,4.756452831704813,0.16214437474166488,0.8937867439004109,4.8907388828177885,0.03697024683240805
112,0.9845191035719225,3.789427046397099,0.0005906004266099204,0.7618586708349152,4.711772684752386,0.20398871459352663,0.8775004673515255,4.846058735865362,0.03034480218861936
113,1.0046027789345042,3.792729769626825,0.020093864926550582,0.8369581781528103,4.720763186825955,0.15185655646450053,0.9525999746694206,4.855049237938931,0.04640804896864208
114,0.9761717915681241,3.779240023623759,0.01303473330046113,0.7878256600614896,4.763789045709027,0.1499988540244386,0.9034674565780999,4.898075096822002,0.04224866303018261
115,0.9909205697475114,3.8164454833431467,0.028153668455136532,0.8748149247846423,4.777606286082531,0.084363860510674,0.9904567213012526,4.911892337195506,0.10115665709195552
116,0.9913243104225967,3.7857626682001633,0.007200683117925579,0.8039914040680456,4.653353357162878,0.2268871374341095,0.9196332005846559,4.7876394082758535,0.06958442912404704
117,1.007818201370205,3.7829967947337626,0.02371021694473918,0.7951503528016229,4.702130005229854,0.1896887346131479,0.9107921493182333,4.83641605634283,0.020032286200190083
118,0.9921990594554988,3.7946814181436985,0.009305776245526191,0.8386580178477856,4.692809265406333,0.1765371499346615,0.9542998143643959,4.8270953165193085,0.05607281129014601
119,0.9733455214649587,3.773705202699404,0.01910936463090047,0.778064377711476,4.772262088789697,0.1530246040829566,0.8937061742280863,4.9065481399026725,0.052151906118975244
120,1.0095096532799281,3.7762036128641094,0.02774360625485782,0.7551157242655806,4.693619185339969,0.22173487614568865,0.8707575207821909,4.827905236452945,0.04517422082951627
121,0.9986151991153853,3.774333169952052,0.020066263317625174,0.7770427055991255,4.6768535476464415,0.2207817300361369,0.8926845021157358,4.811139598759417,0.04677067150089787
122,0.9696393258096893,3.7757483387470088,0.020154127153143832,0.7595143878516997,4.751902319941039,0.1798201442943005,0.87515618436831,4.886188371054015,0.04336129524244583
123,0.9840651374289424,3.792861730628856,0.003992985367580619,0.7640906940630049,4.76858874792293,0.16679601480754871,0.8797324905796152,4.902874799035906,0.053905118234438346
124,0.9967205168266854,3.7886036593727352,0.01185800751485528,0.9399083469998893,4.701506699269762,0.15804475043178645,1.0555501435164996,4.835792750382738,0.1506995886415753
125,0.9740092649270718,3.7827540331851015,0.01250181726797308,0.8317411588281932,4.740198862137804,0.13760203112580632,0.9473829553448035,4.87448491325078,0.04517611581499984
126,0.9828216589595085,3.8203170262788495,0.031433472650244404,0.7767892685697902,4.740537732987908,0.17337539215280195,0.8924310650864006,4.874823784100884,0.02339080391918309
127,0.9577917344499649,3.820693105592204,0.0417218503232849,0.7655812562340036,4.787273047730361,0.15647790292899152,0.881223052750614,4.921559098843336,0.07023538690498739
128,0.9627328046423218,3.7928132696973145,0.02246934108514781,0.7768169553100763,4.76535549720313,0.15792712411768606,0.8924587518266867,4.899641548316105,0.0458349455386779
129,1.013540293507312,3.7955861014165757,0.02943059533839895,0.8852493172425838,4.749212684919714,0.10873956248249998,1.000891113759194,4.883498736032689,0.09862695061376008
130,0.9856566527458274,3.7977583395409966,0.008843408094204181,0.8094547557959061,4.759529087864545,0.1365645115931068,0.9250965523125164,4.89381513897752,0.04234983220374946
131,0.970449764278262,3.776269526341817,0.019200856050741687,0.795236011471087,4.71160580773774,0.18203878437728113,0.9108778079876974,4.845891858850716,0.011060882130116051
132,0.9992980354015942,3.7934978190367756,0.01513006927683454,0.7991967880587023,4.6991925396716745,0.18976718259995493,0.9148385845753126,4.83347859078465,0.0240418973513047
133,0.9833126541003567,3.800853038803429,0.012003966538030448,0.7369288130273959,4.729996740981633,0.21096946675342151,0.8525706095440062,4.864282792094609,0.05427829442431533
134,0.9980424008530199,3.795225200395524,0.014592861770810364,0.8298871242713545,4.680871299428492,0.190955269286852,0.9455289207879648,4.815157350541467,0.05663869108570231
135,0.9878060034125703,3.79391751898646,0.005771357492684314,0.8083668074993865,4.742248610243878,0.14997118900217382,0.9240086040159968,4.876534661356853,0.02724557209241929
136,0.9555017894289359,3.779691032987238,0.03079093368262227,0.7607517187082299,4.665868453987247,0.23931747062570097,0.8763935152248402,4.800154505100222,0.06322695202361214
137,0.9623387647500845,3.800216536984163,0.02518883637480946,0.8121091785440022,4.690519107102911,0.19028622882091473,0.9277509750606125,4.824805158215886,0.0378452132084329
138,0.959942638939927,3.7926058019026176,0.025191581600625283,0.7588001048744649,4.690924176139786,0.22124345399733605,0.8744419013910752,4.825210227252762,0.04417412550118727
139,1.0055668721598123,3.7993404114367286,0.023160684565677367,0.8808802583523447,4.7652728469287515,0.09411200744295263,0.9965220548689551,4.899558898041727,0.10031387101480194
140,1.0118472214511578,3.7982776851871773,0.028546510068461383,0.7492652209310537,4.738010915573413,0.19629027719152714,0.8649070174476641,4.872296966686388,0.044423898141851735
141,0.9886317420645092,3.7850379110553196,0.00542908912555908,0.8345544427559775,4.6619189084530195,0.20680311441696878,0.9501962392725878,4.796204959565995,0.07416835777141507
142,0.9962615603606444,3.785160796815383,0.012007603394837953,0.8140895826681621,4.8098397914142375,0.10299147549211177,0.9297313791847724,4.944125842527213,0.09129565879040526
143,0.981757297350394,3.8107471550108865,0.022017738798715564,0.7751634598234084,4.723142456107586,0.18654515545478081,0.8908052563400187,4.857428507220561,0.015468974060918092
144,1.0247802085100763,3.806002689208969,0.043402829032584446,0.8025682269975398,4.724030045426599,0.16772941768766716,0.9182100235141502,4.858316096539575,0.0122477116346574
145,0.9928585327210813,3.8095173138692355,0.02206493498764223,0.8856579009276386,4.710682164647987,0.1466782990019024,1.001299697444249,4.844968215760963,0.0957276460071593
146,0.9827944263741195,3.785703174625344,0.0038524216879166615,0.7726643684392688,4.715081160345324,0.1940770602713435,0.8883061649558791,4.8493672114583,0.019054172095313966
147,0.9941938721098885,3.7911406340600444,0.00958007350196827,0.8383643299324017,4.753052807302814,0.12321642315223774,0.9540061264490121,4.88733885841579,0.057209188857500926
148,0.9924697251415309,3.7867904033567066,0.007903002240408765,0.78360192644171,4.715039951669799,0.18675127016659612,0.8992437229583203,4.8493260027827745,0.009581402439424673
149,0.991310748123312,3.7912440724715526,0.0068393211962104895,0.7452011264895511,4.713158669382387,0.21517429407195135,0.8608429230061614,4.847444720495362,0.04614117755471643
150,0.980738868707989,3.796478292930668,0.008585936572209872,0.7079992995071019,4.732475375604817,0.2334969641836072,0.8236410960237123,4.866761426717792,0.08326836077449842
151,0.9948546970236656,3.8115417836702736,0.024700648104904754,0.784087302631335,4.680306932775247,0.21389171739377155,0.8997290991479453,4.814592983888223,0.041825503959570576
152,0.9809347656081453,3.7902921730120074,0.004155461471914985,0.802942343700782,4.704295449993344,0.1834409966969235,0.9185841402173923,4.83858150110632,0.021302897100020517
153,1.0042951957914514,3.7852126282867373,0.019783881415896133,0.7613781213569201,4.734838808110063,0.1887665092525659,0.8770199178735304,4.869124859223039,0.03203092855693839
154,0.9746824777260743,3.8094723680979765,0.022910594508858278,0.9038261256142072,4.724104505569194,0.13183176277710215,1.0194679221308174,4.85839055668217,0.11329497381369154
155,1.0026886734279417,3.7872368696081793,0.017903270557984,0.7971397653387207,4.645610620519367,0.2369008697060984,0.912781561855331,4.7798966716323426,0.07630260172607056
156,0.9788764121707725,3.790170051960432,0.006114086023070503,0.7782865569582706,4.690376631983476,0.20920029869827067,0.893928353474881,4.824662683096451,0.03357519874638787
157,0.9731373509226616,3.794365940850584,0.012920074552318202,0.7763971241365278,4.75511575843135,0.1643449184994995,0.8920389206531382,4.889401809544325,0.0363580762223537
158,0.9873031289122172,3.7992766048803532,0.01060973358124273,0.7536564978260633,4.721156128365214,0.20354224344759822,0.8692982943426736,4.85544217947819,0.0369047332882519
159,0.9788575668032025,3.8040399954404487,0.016242596589906556,0.8075473800459675,4.709169478284396,0.17682351751093298,0.9231891765625778,4.843455529397372,0.02106817213315645
160,0.9896012985883588,3.7975804039857994,0.009843194029212042,0.823417102711732,4.683400650129318,0.19134830098428948,0.9390588992283423,4.817686701242294,0.05040934388322751
161,0.9903199591572373,3.7989499664594013,0.011389631977178415,0.7640340784845311,4.771505819296541,0.16533614567898547,0.8796758750011414,4.905791870409517,0.056491079126834376
162,1.0019359691545688,3.7817335315604614,0.018531338062747565,0.8654525783982714,4.691425762870342,0.1694609881388252,0.9810943749148817,4.825711813983317,0.08075514480979333
163,0.9799733939469718,3.7987519461362282,0.010955688770927757,0.8063734765566127,4.743297924910092,0.15049224705455946,0.9220152730732231,4.877583976023067,0.026826703015850686
164,0.9943942452497383,3.7973395943897463,0.01269406566523261,0.8126346386056955,4.779227239575597,0.12097715956007501,0.9282764351223058,4.913513290688573,0.06168423082864504
165,0.9933528554155157,3.7599665002904405,0.030200251250150772,0.8529189014987784,4.7066298224696155,0.15850838439963583,0.9685606980153887,4.840915873582591,0.06413912424534439
166,0.9721736445409142,3.8052963807995326,0.02069621443248914,0.7580902209977766,4.713839990417064,0.2052359246217984,0.8737320175143869,4.84812604153004,0.03338916146774204
167,0.9826335831197663,3.7841429755961893,0.005300960061322535,0.8104027576595242,4.716878111573496,0.1688441245677756,0.9260445541761345,4.851164162686471,0.02040528791328407
168,0.983231161023195,3.8012590225067986,0.012417118003832288,0.8605861260183475,4.677224836556076,0.1844200693852429,0.9762279225349578,4.811510887669051,0.08291939265810712
169,0.9496971638626044,3.780410845155369,0.036192242882025764,0.7736370945243636,4.727742384170401,0.18439391553407133,0.8892788910409739,4.862028435283377,0.017991645842154277
170,1.0037388186532261,3.7726100321865474,0.02496247455398708,0.729702885797831,4.753587466136605,0.20401503311386918,0.8453446823144414,4.887873517249581,0.06873662280835377
171,0.9921463331600108,3.7760269725112106,0.01483206955536868,0.7984207923633754,4.657918164550004,0.22543083710977993,0.9140625888799857,4.79220421566298,0.06419400898260819
172,0.9895610199721462,3.777524575025832,0.01235206335009663,0.7960318727782332,4.72170198566725,0.17363790172622134,0.9116736692948435,4.855988036780226,0.005474157969189068
173,0.9937043747526755,3.791433961358398,0.009179220305814997,0.7676511063569488,4.753163993989098,0.17249215432610543,0.8832929028735591,4.8874500451020735,0.03897692750776317
174,0.9867000841084898,3.7681653876593817,0.020865443997235573,0.7681038846590759,4.60471832320637,0.28665354359980744,0.8837456811756862,4.739004374319346,0.11904732653997718
175,0.9846102580611935,3.809137360638876,0.020188794820943125,0.7322295102156346,4.726560952861313,0.21679062088762788,0.847871306732245,4.860847003974288,0.05853684455879148
176,1.0283685493663128,3.788710978637953,0.043501632913918814,0.8148643667621067,4.688822151290697,0.19042631760630682,0.930506163278717,4.823108202403673,0.040829750938495855
177,1.002545247094393,3.763021456287966,0.031381525827291895,0.7529946243391901,4.662173201699025,0.24699742978139985,0.8686364208558004,4.796459252812,0.07032777333072729
178,0.992947642951367,3.790213104418107,0.00817816749028374,0.7124276753599426,4.74902849231829,0.22129712284393818,0.8280694718765529,4.883314543431266,0.08279565347765558
179,0.9868576324930387,3.8105569526705385,0.02169819915739541,0.7753067024497211,4.765586647643143,0.15903536513713898,0.8909484989663314,4.899872698756119,0.046528452762013596
180,0.9962334800685979,3.7730328068225427,0.019558819036367612,0.7560347429082529,4.748783612270078,0.1844633185228661,0.8716765394248632,4.883069663383053,0.04392323816761762
181,0.9751488540614445,3.7750471550814204,0.01696314647602133,0.7485937092384097,4.70858023258314,0.2157481059698914,0.8642355057550201,4.842866283696115,0.04394638777083849
182,0.9700152110449582,3.8056267424689447,0.022331582374503334,0.852024340209144,4.704795482471145,0.16053684480159341,0.9676661367257543,4.83908153358412,0.0637294906145214
183,0.9933361212599775,3.815107011126175,0.02749354031214053,0.8027857766350217,4.785580527294838,0.12506568146427918,0.918427573151632,4.919866578407814,0.06511014923005086
184,0.9963269884644206,3.775182574430823,0.017912728572661036,0.7882489895949829,4.745562344854896,0.16152438166995564,0.9038907861115932,4.879848395967872,0.02404464604772977
185,0.9911125518251758,3.7816488989156385,0.009607748210917342,0.8719183037873685,4.738633758390161,0.12218878580015434,0.9875601003039788,4.872919809503137,0.08311818745477657
186,0.9872856203024533,3.797537315309299,0.008921064861251177,0.8237682339426076,4.743741948433817,0.13920404335512218,0.9394100304592179,4.878027999546792,0.03989856610159672
187,0.9801082946338835,3.793453630856966,0.006552219516420685,0.7534047093945199,4.734501359026863,0.19516056777148524,0.8690465059111302,4.868787410139839,0.039320272184229704
188,0.998011697002623,3.770532711787083,0.02262679926467111,0.7280830710676429,4.672428192182174,0.25572057010677657,0.8437248675842532,4.80671424329515,0.07952261415760997
189,0.9789598159044919,3.7742097727002206,0.015880238458190674,0.8466537073072538,4.68595593833332,0.18008833236658361,0.9622955038238641,4.820241989446296,0.06647752733989788
190,0.979099444766812,3.7870959178801007,0.006058853106674445,0.8552863758246211,4.673468353746658,0.18941736202718965,0.9709281723412314,4.807754404859634,0.0806794209943684
191,0.9851908938590037,3.819992257742793,0.03104373577510713,0.858084662988457,4.754379017734351,0.11235933315481746,0.9737264595050673,4.8886650688473265,0.0750492952059194
192,0.998041309134238,3.801081728224918,0.01790868866885299,0.7469768129454597,4.716068720687488,0.2119173786616893,0.86261860946207,4.850354771800464,0.043934639589218484
193,0.9670533530536897,3.7816130338170098,0.01926604702042104,0.7734789348690637,4.728636979182115,0.18388732591559828,0.889120731385674,4.86292303029509,0.018461186205084572
194,0.9718764216854172,3.778088500476888,0.016933596341543043,0.7463519943809411,4.762674081504921,0.18505467825406255,0.8619937908975515,4.896960132617896,0.06032330037264538
195,0.9908197600227476,3.7877788835073463,0.00606634249061333,0.7596569539675848,4.724898824485462,0.19657078804121428,0.8752987504841951,4.859184875598437,0.03107378322310979
196,0.9983506064936795,3.7790174204899483,0.01674671253074384,0.7530223108505831,4.728792788480494,0.1990563590230104,0.8686641073671935,4.863078839593469,0.03821341855546365
197,0.9869041568093201,3.7988291696163436,0.010086703955847699,0.759533395274914,4.744396855595433,0.18424810920541065,0.8751751917915244,4.878682906708408,0.038482738266686495
198,0.9839395702791234,3.7734583450514423,0.015519630716500143,0.7291406944598268,4.738987625085015,0.21218384435372137,0.8447824909764371,4.87327367619799,0.06382348899388691
199,0.9847165110367896,3.7756699099994884,0.013281154839413759,0.7198885323411184,4.696430657891976,0.24524922920573702,0.8355303288577287,4.830716709004951,0.0750276677439776
200,0.9877405581594044,3.7745275494487758,0.014706020868745211,0.7392875399728384,4.693527996798643,0.23287179642589012,0.8549293364894487,4.827814047911619,0.058466558528538215
201,0.9813681371547925,3.789489640751817,0.0035407697074497867,0.7504220085163436,4.7140445609168165,0.21069877534325815,0.8660638050329539,4.848330612029792,0.040846486674218564
202,0.9990635488728958,3.7942067672201807,0.015137936937578608,0.7633407656849673,4.682462616020766,0.22470970925263903,0.8789825622015777,4.816748667133742,0.0476946770326679
203,0.9945119713448145,3.7814316432657473,0.01222878474950333,0.7847846893072353,4.757781261371879,0.15611498149839825,0.9004264858238457,4.892067312484855,0.03661052930425326
204,0.973582267592911,3.8150545717042377,0.02843934019843782,0.8322428724843796,4.74075514909817,0.13686279066279713,0.9478846690009899,4.875041200211146,0.04586313588989051
205,1.0104229140778873,3.7817579161284516,0.026548152915845908,0.772833044543403,4.6586036757781235,0.23815638033197992,0.8884748410600133,4.792889726891099,0.06547024438840907
206,0.9843719646527682,3.7957718257079787,0.006839600021955411,0.8423479549251455,4.745431437166841,0.1276075147059135,0.9579897514417558,4.879717488279817,0.0569977356311654
207,1.0063910144539943,3.7942666987870846,0.02217033101388383,0.729276226202238,4.751149258752761,0.20561580674489252,0.8449180227188483,4.885435309865737,0.06802158271449626
208,1.0164859876554282,3.7644325009357855,0.04001052253276713,0.809656806535445,4.752719694086702,0.1413146751418154,0.9252986030520554,4.887005745199677,0.036488322661842966
209,0.9789763641218158,3.7836031236237284,0.007955981610520132,0.7968188633214739,4.682057727844695,0.20540337667982067,0.9124606598380842,4.816343778957671,0.04006331210710902
210,0.9762001132036559,3.766242666455258,0.024305497716300497,0.8052010140077945,4.661334311843454,0.21923137999564132,0.9208428105244049,4.79562036295643,0.06204709765681675
211,0.9759744794980795,3.8162493354792386,0.028711141062388045,0.7842476057361083,4.690735335508799,0.2053209022080392,0.8998894022527186,4.825021386621774,0.031531451257329375
212,0.9753579626819819,3.802467753205858,0.016527456027857823,0.7654626996741892,4.746202784154088,0.17844812878201902,0.8811044961907996,4.880488835267063,0.03512353797181159
213,1.0052850456479663,3.80795666465848,0.02789477766249195,0.8176867690834275,4.783188724912504,0.11455866471693997,0.9333285656000379,4.91747477602548,0.06727241777771087
214,0.9794489568997711,3.778107741051856,0.01212107476562162,0.835199616505879,4.750880225469539,0.1267806608642025,0.9508414130224894,4.885166276582514,0.053371332773675825
215,1.018768682806336,3.8149460974060054,0.0427208561194065,0.7819816863264305,4.805323616468509,0.13412556346730795,0.8976234828430408,4.939609667581484,0.08413306030037337
216,0.978955745310496,3.799786725655838,0.012344224811134877,0.8518595377636017,4.7195873064475204,0.14675863470175482,0.967501334280212,4.853873357560496,0.06133531979214248
217,0.975713773217282,3.8001359126857204,0.014453792377979823,0.769618724267897,4.681194041292887,0.22176974797632,0.8852605207845073,4.8154800924058625,0.045534985876817036
218,0.9780150435833853,3.796284251266656,0.010037200849494953,0.8330959654792756,4.668081621450936,0.2015577783064343,0.9487377619958859,4.8023676725639115,0.06838688527875188
219,0.9809204015331682,3.811724451125727,0.02311377137814607,0.7314516231137278,4.76786809320334,0.19567635086405594,0.8470934196303381,4.902154144316316,0.07504436120207536
220,0.9606977886847097,3.79042260893863,0.02421459281697928,0.7900006479216546,4.753599233980684,0.15482500970529908,0.9056424444382649,4.88788528509366,0.031975252921188434
221,0.9828284862309639,3.776518647055135,0.012597679554425284,0.7504091607997709,4.748831152052894,0.18904420987188242,0.8660509573163813,4.883117203165869,0.0484965078454359
222,0.9780307492288682,3.7825451253634186,0.009368416640451223,0.7079147642498664,4.72876257181452,0.23555200626666878,0.8235565607664768,4.863048622927495,0.08295075733361434
223,0.9734596770184383,3.7639826773371348,0.027450274888227145,0.8279954948724549,4.739924440364545,0.1398918506131038,0.9436372913890653,4.874210491477521,0.04166868953570427
224,0.9621995256070635,3.796703142081068,0.023957221283022377,0.8158675473834903,4.790111662151719,0.11175874581879515,0.9315093439001007,4.924397713264694,0.07300999572352651
225,0.9684893195959235,3.782993016619207,0.01742800410285011,0.776644217621548,4.702473853023851,0.2008204513639175,0.8922860141381583,4.8367599041368265,0.023675147825301477
226,1.010025540821016,3.796075434295099,0.026147507814045977,0.7326632009295602,4.725866737720251,0.21685834889107847,0.8483049974461705,4.8601527888332265,0.058049901606905985
227,0.9559566888347825,3.7835886041781985,0.02940384440810594,0.7477150775889454,4.75088347185073,0.19012908822662153,0.8633568741055557,4.8851695229637055,0.051878384464236336
228,0.9970439281942679,3.7637344520837988,0.028001746833596696,0.8257720291759651,4.647953349651755,0.22297233518822235,0.9414138256925755,4.78223940076473,0.08165838454766883
229,1.012015086470202,3.7768882939751625,0.029706516699594513,0.8491742157394803,4.6466475149671655,0.2168980770719491,0.9648160122560906,4.780933566080141,0.09517371681298875
230,0.9611692675333278,3.7915184969357654,0.023837069049011977,0.809686555608871,4.715943737938051,0.17001990874702239,0.9253283521254814,4.850229789051027,0.019955306786985035
231,0.9523917985296081,3.795809645072358,0.03319228700790164,0.7454876601854967,4.746825729606374,0.19423929024065698,0.861129456702107,4.881111780719349,0.05163561748265185
232,0.9972570983076718,3.798625010787899,0.015719483455206285,0.7177257799134911,4.664271784018501,0.2687928814046384,0.8333675764301014,4.798557835131477,0.09270595493914749
233,0.9981083239211089,3.79061164060854,0.013344580097623014,0.7903954382999241,4.759037754240184,0.15098303429321347,0.9060372348165344,4.89332380535316,0.03740926582796296
234,1.0032838971510434,3.804797787677117,0.024296230244170807,0.7924859537739856,4.7353700646833,0.1657164448440531,0.9081277502905959,4.869656115796276,0.013875784956626488
235,1.0153816618222948,3.7689440324398538,0.0364877583454303,0.8340771422758748,4.725789119108887,0.1487764221832077,0.9497189387924851,4.8600751702218625,0.04371734135389368
236,0.9935478505129299,3.802774300026212,0.016323381395008323,0.8221912743717155,4.767677396832298,0.12183317208594054,0.9378330708883258,4.901963447945273,0.055866989623102714
237,0.9716199519121548,3.799911797547577,0.0171946501382463,0.7845975186906478,4.735355118877882,0.17123616074224285,0.9002393152072581,4.8696411699908575,0.014964639196765687
238,0.9953923362665582,3.8050550195383264,0.01923890965051542,0.7703410467388274,4.773969926410883,0.15865885677023017,0.8859828432554377,4.908255977523859,0.056109914376844906
239,0.9749897420223557,3.7936040631502252,0.010919247163013462,0.7564591204101095,4.778188322017801,0.16871203559000378,0.8721009169267199,4.9124743731307765,0.06604333569184272
240,0.9881224441425311,3.7570464040050884,0.03206940505159502,0.8018502470171525,4.731038736593927,0.1627357537249809,0.9174920435337628,4.865324787706903,0.014698855532019777
241,0.9849412171661623,3.8069362602195773,0.0179862052868249,0.8599563795559577,4.754473125121596,0.11148499821613686,0.975598176072568,4.888759176234571,0.07677795088995727
242,0.9620480535302137,3.780726872700936,0.024256004022670617,0.7877006868817814,4.7175235912161355,0.1821928642666964,0.9033424833983917,4.851809642329111,0.0050018485848084635
243,0.9630647483782536,3.788788895293836,0.021803422593200686,0.7341925697825522,4.718648117846643,0.22006527163640657,0.8498343662991625,4.852934168959618,0.05644439194446364
244,0.9716675895614751,3.7792308224180706,0.016392254479301427,0.8457206902065996,4.753508621080833,0.11893187784543736,0.9613624867232099,4.887794672193809,0.06371201004201119
245,0.9835008285654607,3.782374087886909,0.006716644935044382,0.7730877250755942,4.718471307435189,0.19133639778691633,0.8887295215922045,4.852757358548165,0.017753524819266224
246,1.0049407746390109,3.7830888145178263,0.02091146290045513,0.7822635688969072,4.680232506627557,0.2149989303528912,0.8979053654135175,4.8145185577405325,0.042219161371612926
247,0.9915222676081964,3.8138208089168018,0.02574552093779464,0.7792248841737595,4.750266189108288,0.1651796864128901,0.8948666806903698,4.8845522402212636,0.030798404944178175
248,0.9980898861719978,3.803646135768679,0.01976865937372654,0.7890147692000867,4.738062768173087,0.16619717744077844,0.9046565657166971,4.872348819286063,0.016506244342141325
249,0.9675891570542213,3.7846444083834454,0.017806841131353224,0.7775901080045506,4.743163358347486,0.17103629154281347,0.893231904521161,4.8774494094604615,0.025137757914334525
250,1.011981787327378,3.7956239907795517,0.027923466089972176,0.7814265247271915,4.78487859652877,0.1435777685982907,0.8970683212438019,4.919164647641746,0.06390554702914798
251,0.9693392099555471,3.7863654500638515,0.015742015727048718,0.8137707485615171,4.652977786251079,0.22299469964000024,0.9294125450781274,4.787263837364055,0.0724692332900796
252,0.9921736416133555,3.787407117248523,0.007467244629785618,0.7915437330745705,4.775174281326697,0.14023232872020536,0.9071855295911808,4.909460332439672,0.053554507628073955
253,1.0074913699337844,3.7847840293616146,0.023004198674567464,0.822541123418056,4.682612937614939,0.19243797854139996,0.9381829199346663,4.816898988727915,0.05044945987682159
254,0.9965336808140642,3.7991797013795177,0.015515818523417345,0.7522038363726562,4.742262793739739,0.1913938823955856,0.8678456328892665,4.876548844852715,0.04355246743942193
255,0.979783439383416,3.8058945607407897,0.017690664068325708,0.8084046355434726,4.778631949214659,0.12464584551714343,0.924046432060083,4.912918000327634,0.059731476726569865
256,0.9703448341283998,3.7877883283879754,0.014569143397714297,0.766901804225669,4.785297772758426,0.15617543053995786,0.8825436007422793,4.919583823871402,0.06792170423051758
257,0.9786610570107467,3.7765611336079816,0.013856765977623338,0.8267110588294427,4.697672104756922,0.17708549346188143,0.9423528553460531,4.831958155869898,0.043369969254739696
258,0.9948331090535503,3.7948660058605306,0.01158915767568542,0.800932211884018,4.769388003417657,0.13626521912213732,0.9165740084006283,4.903674054530632,0.04887287081263527
259,0.986078436552218,3.7969710181208485,0.008111696461939304,0.7723526706204327,4.75189668263798,0.1695137038629106,0.887994467137043,4.886182733750956,0.035321149092260036
260,0.9981629903865012,3.7909499549638905,0.013444965137120932,0.7708333460078096,4.782641496688626,0.15392570191643581,0.88647514252442,4.916927547801602,0.06412186813466383
261,1.0008485567598175,3.789680786256072,0.015997673272269235,0.762389219582912,4.691867961649163,0.218158053833084,0.8780310160995223,4.826154012762139,0.0409780634394044
262,0.9925776301984863,3.811283403763473,0.02362660997182198,0.7640694068425564,4.7722528024490956,0.16492559234356857,0.8797112033591667,4.906538853562071,0.057135292665720094
263,0.9860776427945279,3.7757937308345544,0.013212005777551683,0.7735061390961234,4.7042707431133595,0.20150337243717387,0.8891479356127338,4.838556794226335,0.024332622430071036
264,0.986412148617476,3.8036656504535333,0.014796284142286144,0.7452028713037763,4.672613515743741,0.24396612588363825,0.8608446678203866,4.806899566856717,0.0667802995990767
265,0.9774595028073424,3.79285584779872,0.00837457835645068,0.7473734609414633,4.639623645638163,0.2683426418994281,0.8630152574580736,4.773909696751138,0.09268103528459633
266,0.9903779931565185,3.791524388160468,0.006082033537719505,0.708551396403345,4.643460646908705,0.29017542530011975,0.8241931929199553,4.777746698021681,0.11329335024658313
267,1.0005046123182553,3.7771097361027572,0.019614119401965953,0.7855255745511512,4.735705636482447,0.1703308030224008,0.9011673710677616,4.869991687595422,0.014949363955699341
268,0.972357986874595,3.8209703276404547,0.03437699791309158,0.7013604398075329,4.717478845890162,0.24723224856413123,0.8170022363241433,4.851764897003138,0.08929425242796554
269,0.9836560390789967,3.7722863179620396,0.016707871553624843,0.8155427814138269,4.740552651624509,0.1467214304705348,0.9311845779304372,4.874838702737485,0.031342298671122454
270,0.9676633312855009,3.78520623806875,0.017606909705165017,0.7877809926413075,4.749367716752179,0.15929646010406492,0.9034227891579178,4.883653767865154,0.027877554494882686
271,0.9467753774716502,3.7534033500005695,0.05210176968919516,0.7427519040501409,4.656911970693841,0.25752173384319116,0.8583937005667512,4.791198021806816,0.08045940443726793
272,0.9812816418938491,3.80471769954122,0.016170119758115963,0.8116959362119547,4.754930536593184,0.138307116360557,0.927337732728565,4.8892165877061595,0.03944371399996245
273,0.9904167383207823,3.7774468474926457,0.012771862506945907,0.7832820444577139,4.655574890254791,0.2350424232811462,0.8989238409743242,4.789860941367767,0.06645349575390015
274,0.9590624927263987,3.8076910762176714,0.03189235739256908,0.7189339100889008,4.749766864072768,0.2152579675801093,0.8345757066055112,4.884052915185744,0.07695315238547241
275,0.9858445720889476,3.769031667663131,0.019942484352245948,0.7964190436923355,4.7576194914086045,0.14735618230376235,0.9120608402089458,4.89190554252158,0.03646472619568201
276,0.9751423511621466,3.781664497663692,0.012151605059326406,0.7251326593984752,4.705824248369545,0.23518627430892336,0.8407744559150855,4.840110299482521,0.06730740683285431
277,0.9859684883966487,3.799380357884587,0.010488092612917464,0.8028073798077021,4.764587031027659,0.13795221054905227,0.9184491763243124,4.898873082140635,0.04467044080658335
278,0.9996909582515464,3.7935112078109916,0.015509205451341768,0.8913947698639556,4.696917171895925,0.15968553582550987,1.0070365663805658,4.831203223008901,0.10382042084130887
279,0.9809941925030606,3.778517226528812,0.01112879779695289,0.749720071967004,4.701762346598357,0.21965649462183684,0.8653618684836143,4.836048397711332,0.04541399173515087
280,0.9708280276248857,3.799019273616753,0.017277007786975638,0.7961160796407676,4.718074156426423,0.17640447372701565,0.9117578761573779,4.852360207539398,0.006597407103642565
281,0.981649723289755,3.7728089363688038,0.016458892436722265,0.7134731947798908,4.692230467887474,0.25285611061780056,0.8291149912965011,4.8265165190004495,0.08250068482694402
282,0.9964285950571438,3.7905159666944384,0.011666568036380625,0.7844911197266164,4.707456615813227,0.19197112227069277,0.9001329162432268,4.841742666926202,0.01541627434523813
283,0.9658258283487922,3.7878036672932884,0.019076232254969766,0.8004987133445848,4.738306290850797,0.15812825631503552,0.9161405098611951,4.872592341963773,0.01941522649002853
284,0.9745432022161727,3.778575875757578,0.014636235152240763,0.7394313136108968,4.606647360764492,0.29991014936866284,0.8550731101275071,4.740933411877467,0.12583600443059711
285,0.9762754659656491,3.7624123301951946,0.02789414205064198,0.8184031761927391,4.717377670845315,0.1640147687372706,0.9340449727093494,4.851663721958291,0.028167622648288943
286,0.9896783319361507,3.81474315375312,0.026237750648083667,0.8104205045695154,4.760058648904051,0.13550694224057633,0.9260623010861257,4.894344700017027,0.04325923051069986
287,0.9850116202592527,3.7853908907996177,0.0035622284855418226,0.8145447279537753,4.780158505351096,0.1189105514955042,0.9301865244703856,4.914444556464072,0.06325404958702549
288,1.0042447053803347,3.7952177690600344,0.020365548399247715,0.7852435426079604,4.72764939154491,0.17630230743425618,0.9008853391245707,4.861935442657885,0.008030730413497627
289,1.008492621330488,3.7942309824277376,0.02420804520678283,0.8167767304830558,4.742108756722738,0.14473547569929185,0.9324185269996661,4.876394807835713,0.033269175589984636
290,0.9830060107392189,3.7979476377376606,0.009187992274376095,0.8149723628091008,4.78171035390239,0.11759589917039827,0.9306141593257111,4.915996405015366,0.06485244164633049
291,0.9734839440757854,3.7994026713804185,0.015454483967417002,0.7392605452918205,4.723193938439911,0.2132689229151512,0.8549023418084308,4.857479989552886,0.05132152824329696
292,0.9958163181951591,3.7887490651517544,0.010950591382498874,0.8232586174937344,4.744827748645637,0.13863486830499708,0.9389004140103447,4.8791137997586125,0.04009371924147642
293,0.976166379806533,3.7663927321204183,0.02417747709611518,0.7543756510050098,4.719329936334351,0.2042206735461946,0.8700174475216201,4.853615987447326,0.03625551093872176
294,0.9991015850835877,3.7691709645608227,0.02436853390027491,0.8917487858300858,4.662837205554118,0.19361774510281893,1.007390582346696,4.797123256667094,0.11702987025078453
295,0.9955943537155316,3.7865942946624704,0.010982445748870723,0.8208531247961804,4.748222907635672,0.13741052707730736,0.9364949213127908,4.882508958748647,0.04031161814630342
296,0.9937098531104122,3.7857964998887046,0.009387851504354859,0.8167857966522302,4.752820322834671,0.13646754297309407,0.9324275931688405,4.887106373947646,0.04075285374849248
297,1.0208080059604474,3.792964572067577,0.03616392911912758,0.8105205062071813,4.7406545091032335,0.1497982702527506,0.9261623027237916,4.874940560216209,0.027576611821972803
298,0.9462480039644019,3.7782912234057724,0.04006351347592139,0.7651954425279812,4.679028548373765,0.22621022161121754,0.8808372390445915,4.81331459948674,0.04957877270836369
299,1.0025474894464292,3.7798932649570576,0.019864731991810314,0.799183004788027,4.735618009837136,0.16100924666412958,0.9148248013046373,4.869904060950112,0.016434232571607726
300,0.9779523005783953,3.7798068222903867,0.011463963972585525,0.7501116586301267,4.733444418530084,0.19840006950507372,0.8657534551467371,4.867730469643059,0.04213704815710413
301,0.9747907542316782,3.8020198001972916,0.016503230047466032,0.722616414063943,4.67535864794178,0.25749464242480735,0.8382582105805533,4.809644699054756,0.0822010806154413
302,0.9992219319773409,3.789639330059507,0.01437088996289787,0.8304967523716515,4.701591088559528,0.17189188028787739,0.9461385488882619,4.835877139672504,0.04468332206138087
303,0.9671013689112973,3.7961281625632597,0.0191614487113529,0.7515805309700739,4.738515517278951,0.19413859422501242,0.8672223274866843,4.872801568391926,0.0424784502955172
304,1.0085072510827493,3.7794812929103156,0.02546555772756076,0.935563686998909,4.7306028901246995,0.12870634923510735,1.0512054835155193,4.864888941237675,0.145282909456919
305,0.998303810022092,3.8136949342200874,0.02815730849416499,0.7364812354494802,4.730685165885162,0.21091928254275444,0.8521230319660905,4.864971216998137,0.05483005986613392
306,0.9809543792377178,3.7903895141793624,0.0041694968603700165,0.7534334711587128,4.775415922056368,0.17267801468785368,0.8690752676753232,4.909701973169343,0.06535515034751892
307,0.9841750836047716,3.7590275583103123,0.029930659361750076,0.7319553773556765,4.732763170176547,0.21337182453834347,0.8475971738722868,4.867049221289522,0.05965119012118384
308,0.9951997745298253,3.8001952761341484,0.015271082866469351,0.8136944271033129,4.679778202844564,0.19895078500276472,0.9293362236199232,4.81406425395754,0.04782008870024003
309,0.9951415549708297,3.7954955450347456,0.012181795723127005,0.8051032309826407,4.715422550611668,0.17308568730222346,0.920745027499251,4.849708601724643,0.01581378778178585
310,0.9929631649213907,3.7828441885410418,0.010140120014453937,0.7383376544867557,4.730532877462065,0.20951949077899504,0.853979451003366,4.8648189285750405,0.05297421614373816
311,0.9858628198235742,3.80853893637079,0.019613997125246346,0.7809893452977777,4.771414656182387,0.15105627486956194,0.8966311418143881,4.905700707295362,0.05069704419974496
312,0.9675812617237611,3.80083265565748,0.020976396679222846,0.7426534142923426,4.776904150346118,0.1816319995178511,0.8582952108089529,4.911190201459093,0.07314525606267687
313,0.980339473614306,3.8000386934624144,0.011977406074255823,0.817045117963657,4.6865185223817125,0.19142550399203492,0.9326869144802673,4.820804573494688,0.043980577733559484
314,0.9697071536706049,3.783394151354432,0.016146457562080715,0.6612612420238275,4.746183451864978,0.26839520202099737,0.7769030385404379,4.880469502977953,0.13160787622153736
315,0.9370337498591289,3.8193628086311127,0.05668334122646829,0.6868081907712456,4.796888970447331,0.227193366018245,0.8024499872878559,4.931175021560307,0.12817235269671026
316,0.9814263670279839,3.78401961966039,0.00601270203436564,0.7908189818015954,4.7425268200472095,0.1617703142989266,0.9064607783182057,4.876812871160185,0.020899604559078338
317,0.9715931392151116,3.8070256794160184,0.02242617612420826,0.7510461880724406,4.7105248405925675,0.21262872071784136,0.8666879845890509,4.844810891705543,0.04104263905117671
318,0.9804494378244665,3.800550118384771,0.012412812083416285,0.7098079294213586,4.737872344183095,0.2291372707854986,0.825449725937969,4.87215839529607,0.08236782204168333
319,0.958101386821872,3.795261135184775,0.02750012036580648,0.8183639959970663,4.7189295591932305,0.1627272117575945,0.9340057925136767,4.853215610306206,0.027936503498213208
320,0.9831344183451713,3.7851510089642075,0.004175850233591963,0.845373514552057,4.731163337031394,0.13879053354780918,0.9610153110686673,4.86544938814437,0.05563834031894567
321,0.982439487066032,3.782035115606773,0.007328988898904543,0.7963144731561996,4.700876699048714,0.19003071010954956,0.91195626967281,4.83516275016169,0.021535693593120027
322,0.9611038664960695,3.7818395124711093,0.024804752852258992,0.7600012897338957,4.741163564243966,0.18585459498316337,0.875643086250506,4.875449615356941,0.036267483112977866
323,0.9831853728720872,3.8031710296637193,0.014319973316600978,0.7929382769545665,4.794687402095581,0.12875179076513224,0.9085800734711769,4.928973453208557,0.0730973178667881
324,0.979387819608556,3.815582880065123,0.027190569227917964,0.7760328816730218,4.7336785832563635,0.17856425808133178,0.8916746781896321,4.867964634369339,0.01887276412963484
325,0.949197178376778,3.7611564219599907,0.04522025603272829,0.7675125544250864,4.692255068539474,0.21451980305908316,0.8831543509416967,4.8265411196524495,0.03733524524414158
326,0.9960627327344076,3.8044765918703956,0.019141584084776276,0.8117490683214018,4.711461401256543,0.17259139593297787,0.9273908648380121,4.845747452369518,0.023503821266005146
327,0.9993340559194036,3.7983236283233586,0.0172377534447965,0.8204803254954804,4.687647473981487,0.18884328716679746,0.9361221220120908,4.821933525094463,0.04527766328303998
328,1.016276114855721,3.7853878839669957,0.031609912360780985,0.7882165640681477,4.73317633494284,0.17024936105519106,0.903858360584758,4.8674623860558155,0.011782523361955987
329,1.0108823111178962,3.7909125093767737,0.026088640638318675,0.844907032620673,4.697041151733681,0.170287092024549,0.9605488291372833,4.831327202846657,0.05965190496549677
330,0.9732603180674083,3.808433921305671,0.0226791439415924,0.7070116341202749,4.7853631568830775,0.211313872374747,0.8226534306368852,4.919649207996053,0.10508135934461009
331,0.9672557451301229,3.795816498987076,0.01890297617575183,0.8128115471995665,4.6934459882583734,0.18739676711431247,0.9284533437161768,4.827732039371349,0.035909394035308934
332,0.9934353995068604,3.811238166999763,0.02387804114309251,0.7892572647099408,4.792669481418548,0.13294955998902588,0.9048990612265512,4.926955532531523,0.07105254970142175
333,0.9748272992407376,3.801018892102476,0.015699054548884036,0.8085593219609705,4.663192400357129,0.2160455077436935,0.9242011184775808,4.797478451470105,0.06114620214889679
334,0.9859177184906711,3.7943999206529972,0.005549972617572271,0.7459512841894583,4.792146707188678,0.17247038157111963,0.8615930807060687,4.926432758301654,0.0834418749104759
335,0.9934777400155609,3.788326535327701,0.008632723749870237,0.7471590293853446,4.714949630203721,0.21252114206175493,0.862800825901955,4.849235681316697,0.04391013766028553
336,0.9791120384168964,3.8058399640680585,0.01784348986430066,0.7341933732275349,4.7199837455243685,0.2192340226229238,0.8498351697441452,4.854269796637344,0.05638883252776092
337,0.9949373642967283,3.788884490344604,0.010070004479314684,0.8347040441574601,4.706080914704933,0.16601774886579534,0.9503458406740705,4.840366965817909,0.046803774502349835
338,0.9823197646118708,3.775890643355657,0.013305769516723525,0.7873382351052812,4.7336679346626465,0.17050641667538455,0.9029800316218916,4.867953985775622,0.012462260483528434
339,0.9625590886014586,3.784427873348809,0.022762249922144016,0.8269399274451003,4.744502889052283,0.13672890646290226,0.9425817239617106,4.878788940165259,0.042975014181697066
340,0.9887392763697654,3.7895072691377547,0.00391157219405017,0.7820724658929965,4.683906742784191,0.21211894935722933,0.8977142624096068,4.8181927938971665,0.038664771429915826
341,0.9637961253477282,3.791377272695527,0.021210766436182766,0.7357645323525062,4.725753400332533,0.21445340511697997,0.8514063288691165,4.860039451445509,0.054948688549227104
342,0.9898160522348605,3.8085991979934044,0.020262535200354242,0.795362589342543,4.789437280965468,0.12924474683753925,0.9110043858591533,4.923723332078444,0.0679784263576337
343,0.9835860248047369,3.7909147466538915,0.002345589508441903,0.8398858444631458,4.685640724000269,0.1827316613596025,0.9555276409797562,4.819926775113244,0.061060304929385696
344,0.9938253075349235,3.7893725671842504,0.008967685037870949,0.8144289307880695,4.731643916190681,0.1544836721948272,0.9300707273046799,4.865929967303656,0.025886547143316146
345,1.0163852138289364,3.7933130060293165,0.03181816512242693,0.790524643379294,4.776889130976671,0.14009232416594566,0.9061664398959043,4.9111751820896465,0.05526029866331176
346,0.9894914877520888,3.804434023956708,0.016159492692334448,0.8108712098661816,4.828701839197592,0.09913691824548708,0.9265130063827919,4.9629878903105675,0.10898277317651466
347,0.9883599077240119,3.7705392983042216,0.01873920767026156,0.7570997969481604,4.657194659776133,0.24843631354509532,0.8727415934647708,4.791480710889108,0.07260322907206439
348,1.0250026599842499,3.781994687927273,0.04073333198748585,0.7843880543636688,4.745578090305508,0.16435437403583741,0.9000298508802791,4.879864141418484,0.024731300216839964
349,0.9837342824770261,3.802426311445164,0.013523674663447468,0.7239790088945853,4.7530940152313965,0.20922863721639762,0.8396208054111957,4.887380066344372,0.07363997723285859
350,1.0102938099447138,3.777148713820924,0.02803156564261382,0.8315380858873792,4.696573744430686,0.17596591500339537,0.9471798824039895,4.830859795543661,0.048032371389620784
351,0.9856678203112255,3.7882629694070307,0.0010548400278840232,0.7514908039657009,4.73461606850281,0.19659181140542745,0.8671326004823112,4.868902119615785,0.04116952445945536
352,1.0189105227894457,3.8040118724107774,0.03722601442415445,0.8361967308985154,4.71195703852727,0.16007598735268339,0.9518385274151258,4.846243089640246,0.04665210581298924
353,0.9699167159420569,3.8220743163521558,0.036341916167878414,0.7956379875808024,4.8003563364415704,0.12373646134264782,0.9112797840974127,4.934642387554546,0.0788912067860507
354,0.9969696786895968,3.789740319408098,0.012127869214782584,0.735931387192893,4.73022906894651,0.21163252828987042,0.8515731837095033,4.864515120059486,0.05529966503422379
355,0.9928630283995484,3.7749382659689874,0.016132629731555444,0.8094103815968763,4.642469664310547,0.23436530490735044,0.9250521781134866,4.776755715423523,0.08137309206299452
356,0.9975599076272708,3.7952188969330964,0.014155981652408217,0.7726440333206129,4.744959002437214,0.17363296352700636,0.8882858298372233,4.879245053550189,0.02941451776127129
357,0.9783520063665041,3.785267035648491,0.0074845418271317354,0.688544527047508,4.7302019669267015,0.2513516358475085,0.8041863235641183,4.864488018039677,0.10237328090049232
358,0.9953411532593374,3.80625792875947,0.02023000580935418,0.8463713145402746,4.690525001001707,0.17587861775424457,0.9620131110568849,4.824811052114683,0.06389485364292438
359,0.9765409059620236,3.7794014886736265,0.012669309430414484,0.7039547496966769,4.710721109104606,0.24896661690132552,0.8195965462132873,4.845007160217581,0.08728766726004618
360,0.9996846527594517,3.8006200430867527,0.0188608303229015,0.7871674690373914,4.697683691526141,0.198004688688145,0.9028092655540018,4.831969742639116,0.024184030587102504
361,0.9671505883587705,3.795151756853026,0.01877101024494009,0.7708590332312729,4.724310767247873,0.18877717913794617,0.8865008297478832,4.858596818360849,0.01988089608024345
362,0.9562439329625408,3.8028025336692965,0.031799368397826155,0.7824431186256297,4.714063576204043,0.18824867048483318,0.89808491514224,4.848349627317019,0.011094496673513107
363,0.9801064231319996,3.7989516859187447,0.011076920445928427,0.7595508948213785,4.8211323446070455,0.1507175695309665,0.8751926913379888,4.955418395720021,0.10422283876973915
364,0.9676149607318633,3.748096231441754,0.044347490180755865,0.7070526330351459,4.70274088422766,0.2512408225616333,0.8226944295517562,4.837026935340636,0.08561504110690517
365,0.9878089073227924,3.7917070285565444,0.00403131648064083,0.7557125140230869,4.727965339932847,0.19752866051191342,0.8713543105396973,4.862251391045823,0.035417132487386274
366,1.0186526118511012,3.759786820651737,0.04463106309880417,0.8576245720653293,4.647375822063376,0.21412173304803178,0.9732663685819396,4.781661873176351,0.10005702793572785
367,1.0105751222931538,3.7756054508293273,0.028964815019956614,0.7756887980186548,4.749233059277763,0.16856508422744085,0.8913305945352651,4.883519110390739,0.03135429799190404
368,0.9906520778636343,3.7618856655047277,0.02767579841429,0.8071155962656898,4.679308368473106,0.2025032932739414,0.9227573927823002,4.813594419586082,0.04544413909351518
369,0.9947352891036183,3.7832798812302637,0.01138087765037708,0.7908647294193627,4.717282836706069,0.18033599708119896,0.906506525935973,4.851568887819044,0.004356802100792231
370,1.0025681322504603,3.7888944457686944,0.017700645833120796,0.7913837394683311,4.653004707587927,0.23314226831880455,0.9070255359849414,4.787290758700903,0.06862910026109922
371,1.0071344993327023,3.778750943127484,0.024491649798229945,0.818721016219132,4.761113170590907,0.12899588866337333,0.9343628127357423,4.895399221703882,0.04849903283220615
372,0.9715774704084431,3.777339814785965,0.01764732379240983,0.7565612968362716,4.681202879444272,0.2300348438407129,0.8722030933528819,4.8154889305572475,0.05282090638074103
373,0.982819990721162,3.764128497819945,0.024906018954197955,0.8232429342646144,4.703119182501921,0.1738631763502382,0.9388847307812247,4.837405233614897,0.03756193737861992
374,0.9741914604457673,3.744939908817263,0.045286704860823396,0.7194123526246059,4.6400672266848595,0.28544673852067703,0.8350541491412162,4.774353277797835,0.10823136915634365
375,0.9884489542746607,3.7654140197148407,0.02380710678441371,0.8328729346276982,4.738944903325618,0.1380537473047533,0.9485147311443085,4.873230954438593,0.04572070028107093
376,0.9770010035047249,3.7893067711829267,0.007874647556732334,0.8275619024907239,4.746209662758281,0.13497847257117657,0.9432036990073343,4.880495713871256,0.04442398523991766
377,0.9716138814003916,3.7719788464139294,0.021533402189619133,0.7429206990652389,4.648542413732194,0.26393839343173814,0.8585624955818493,4.78282846484517,0.0872408040873774
378,0.9889949779850856,3.7732782160137894,0.01620637905975375,0.7379306734353802,4.704440260387708,0.2264047940624613,0.8535724699519905,4.838726311500683,0.05536338387530346
379,0.9783748670211768,3.7889303511973016,0.0064927375799718684,0.6976509220900479,4.6850478325030975,0.2696076231689312,0.8132927186066582,4.819333883616073,0.09984955297141307
380,1.0104261416679414,3.778613294469241,0.027569767907359783,0.8581983652883984,4.669948353204129,0.1920617376994329,0.9738401618050088,4.804234404317104,0.08512381842520066
381,0.9789624463189581,3.7982816064442875,0.011042897072049,0.8005235906879818,4.755736897825416,0.1456129607071564,0.9161653872045922,4.890022948938392,0.03553404536417397
382,0.9692568281584195,3.800459750360354,0.019394973878265227,0.7724438091499682,4.723200878561636,0.1884243306551225,0.8880856056665786,4.857486929674612,0.018182480013272585
383,1.0138480439204378,3.809811781093067,0.035708163642668996,0.7952484942397225,4.689913570033679,0.19966641195227175,0.9108902907563329,4.824199621146654,0.032060214210895784
384,0.9946888516786989,3.813301028271703,0.026256809604037156,0.7891330825727548,4.779698798718878,0.13969093126413065,0.9047748790893652,4.913984849831854,0.058087440849142066
385,1.0367614868076198,3.776022906908915,0.053479839332974774,0.867546727300088,4.680044682796038,0.18006778319463657,0.9831885238166983,4.814330733909014,0.08750128649394455
386,0.9944333553382899,3.7903799589074105,0.009672040228959896,0.7311873118665189,4.733158594845654,0.21377219158663308,0.8468291083831292,4.86744464595863,0.060480062503614006
387,0.9662640920695342,3.8152178629113744,0.03218818672465907,0.8517702792222015,4.767044747258828,0.10421371031527292,0.9674120757388118,4.901330798371804,0.07622022448766196
388,0.9852434251330855,3.7711282711495735,0.01782589730850443,0.7954185043725353,4.7186251774747054,0.1764114676881735,0.9110603008891456,4.852911228587681,0.00571353903824131
389,0.9536993345997918,3.795247431783945,0.03179802224866392,0.879467729154721,4.731193710049544,0.1275538628776785,0.9951095256713314,4.865479761162519,0.08942253880462166
390,0.9632746757928083,3.7730013534424924,0.02684435046177409,0.7179511628477692,4.6729068305689445,0.2625444263925169,0.8335929593643795,4.80719288168192,0.08743921772789791
391,0.9869385646486604,3.7728267599045298,0.016255906785949546,0.8309588726069301,4.7076254324402615,0.16628587296422304,0.9466006691235405,4.841911483553237,0.042758736639946116
392,1.0057749537844198,3.7772091502279515,0.02397855088910548,0.7661573263521148,4.718933599629443,0.19589748682655253,0.8817991228687251,4.853219650742418,0.02454927980468409
393,0.9694628517155195,3.79473575627267,0.016455335659273644,0.8089837408050954,4.752888000948831,0.14165289148024332,0.9246255373217057,4.887174052061806,0.03628547109064156
394,0.9839341064190825,3.761517901674288,0.027448181471589714,0.798283267583744,4.708733435154052,0.18250589812575477,0.9139250641003543,4.8430194862670275,0.01503223689531406
395,0.9869379827066908,3.7745809981315634,0.014517600256946194,0.7836341925892121,4.716573051538109,0.18557620025262575,0.8992759891058224,4.850859102651085,0.008573386096165802
396,0.9719502226817415,3.7781469593106283,0.01683948050971696,0.7546356908374775,4.742444965524665,0.18933347404301482,0.8702774873540878,4.876731016637641,0.04151792254443036
397,0.9938163833724054,3.7790831587380906,0.013320653155088671,0.7970437373106979,4.730944131641969,0.16593004861362773,0.9126855338273082,4.865230182754945,0.011350628209411505
398,0.9992051461941927,3.803173031896487,0.020195414196492883,0.8874236932109764,4.6917496832767105,0.16523548645104602,1.0030654897275866,4.826035734389686,0.10136906459219991
399,0.9853480582988151,3.7861914873549916,0.0028002485264152633,0.8534850309779498,4.758307088534368,0.11093309502600605,0.9691268274945601,4.892593139647343,0.07283597566032188
400,1.0001335044593356,3.792101788749819,0.015587851073424157,0.7945372560419713,4.768786839906291,0.14163285682233523,0.9101790525585817,4.903072891019266,0.04732557002566537
401,0.9705673172520634,3.7817473171666554,0.016011837908111854,0.799699656781646,4.720143030918974,0.17255816934044116,0.9153414532982563,4.85442908203195,0.009261414820130475
402,0.9691046031016555,3.784532640921891,0.016370282152857338,0.7642295134668032,4.709240622118406,0.2041297650175543,0.8798713099834136,4.8435266732313815,0.029097558700218542
403,0.9712374905127974,3.7696927228378376,0.023593003804861172,0.7410717250658744,4.676986841124755,0.24348017404173825,0.8567135215824847,4.811272892237731,0.06664697917622182
404,0.9914089521275463,3.7940274670813885,0.0082805922369772,0.8571340967638164,4.738627507573462,0.12713690961051943,0.9727758932804267,4.872913558686437,0.06871174703228672
405,0.9966703054886142,3.772074118798345,0.020593852815731818,0.8129033009112291,4.729086720572309,0.15744732305987288,0.9285450974278394,4.863372771685285,0.023556810572331888
406,0.9686608877248885,3.786621310809842,0.01637316216610458,0.7567793068090283,4.6771836341790785,0.2329622429792938,0.8724211033256386,4.811469685292054,0.055824639753310284
407,0.9836855034359192,3.7848584106815397,0.004259117024962348,0.7454916323474247,4.750213521738119,0.192353735213635,0.861133428864035,4.8844995728510945,0.05336740316773794
408,0.9924526871515006,3.7924169330855477,0.008339792360475088,0.7763313313328521,4.71879304813767,0.18886045538714677,0.8919731278494625,4.853079099250645,0.014506743979132854
409,0.9987255876776698,3.760527193889949,0.03162138732616671,0.7338056020106956,4.72005649761776,0.21949335347929477,0.8494473985273059,4.8543425487307355,0.05677437839694831
410,0.990174701152633,3.7842080380531065,0.007117144790839855,0.800102914179265,4.7706523522205035,0.13611132423514655,0.9157447106958754,4.904938403333479,0.04994402874406159
411,0.9746797492621,3.793121210794841,0.011008590345714596,0.778353692240977,4.709786340725558,0.19416032647728984,0.8939954887575873,4.844072391838534,0.017005732652245358
412,0.9741336243785752,3.7992551701512185,0.014879851213811524,0.893463869267843,4.70989393969948,0.14657533219820823,1.0091056657844533,4.844179990812456,0.10357260252776399
413,0.976219414949379,3.7859498349889877,0.009153845288300877,0.8213521749529181,4.729242781683601,0.15246303603461758,0.9369939714695285,4.863528832796576,0.03172129802981118
414,0.9886543517459779,3.7819300254936916,0.007976378496324914,0.7665586397178406,4.725501142512336,0.19106924393697325,0.8822004362344509,4.859787193625311,0.024309952042134212
415,0.9898230238373292,3.784058387928681,0.006963214899505568,0.8191542954043411,4.7239342402866615,0.15810075123813658,0.9347960919209515,4.858220291399637,0.028688871223657417
416,0.9905246878316777,3.7765027713039316,0.013672657279349996,0.8524940189444015,4.689287897133493,0.1750682391476702,0.9681358154610118,4.823573948246469,0.06987118135742047
417,0.9985225757869121,3.7753850951792924,0.019247630775146417,0.8697013708727527,4.674096234071659,0.18544588128896344,0.985343167389363,4.808382285184635,0.09232004012568039
418,0.9677176312234562,3.777246889969724,0.020762662271181696,0.6920145238401725,4.72132693714079,0.2529611358020432,0.8076563203567828,4.855612988253766,0.09854414211140804
419,0.956235461860884,3.8000612741581663,0.03071243562303912,0.7292881230078996,4.74233434251528,0.21023404531484252,0.8449299195245099,4.876620393628255,0.06467410990642446
420,0.9608695333315903,3.8182336000831314,0.03786057520019813,0.7580644215668303,4.807833471996266,0.15574329103625165,0.8737062180834406,4.942119523109241,0.09212537114786533
421,0.988496825593666,3.774617048807529,0.014785494639573593,0.801543210010232,4.7559808044300524,0.14470613626446988,0.9171850065268423,4.890266855543028,0.036065602123916136
422,0.9917744223375721,3.7966598449906486,0.010350994572871114,0.819763616806207,4.7259831642359815,0.15605608812081576,0.9354054133228173,4.860269215348957,0.02952822861435833
423,0.9711606972644273,3.78872003930278,0.013708809324717767,0.7057516517004588,4.7441548613332225,0.22949911797671418,0.8213934482170692,4.878440912446198,0.08774720935507511
424,0.9646825129910443,3.8092909697263337,0.02865629737317562,0.7551188637487082,4.718699442576861,0.2040921109086183,0.8707606602653185,4.852985493689837,0.03556020507201216
425,0.9679473402081564,3.79799190903392,0.01918454375496095,0.7173224011736297,4.73892365615527,0.2221749242854534,0.83296419769024,4.873209707268246,0.07525020477835828
426,0.9857751403374213,3.788575971334125,0.0009816962723943352,0.8881894996192405,4.718326103954309,0.13876257840215833,1.0038312961358509,4.852612155067285,0.09768714381685094
427,0.9943444882515391,3.7864203415436015,0.009808777280265092,0.8444309299688066,4.7329851213571725,0.13757596781551856,0.960072726485417,4.867271172470148,0.055056659255375597
428,0.9539629925336195,3.782215188393217,0.03162994828887246,0.7128166273909194,4.744966192431451,0.22295009104377445,0.8284584239075298,4.8792522435444265,0.08116886444305803
429,0.9911746345823583,3.737099808509585,0.05223258272820017,0.754022016442248,4.691746709114222,0.223851136880402,0.8696638129588583,4.826032760227197,0.04719994554480426
430,0.9648557264565464,3.8026922801719,0.024275886446854415,0.7726643690379802,4.7283889363453335,0.1846473246881333,0.8883061655545905,4.862674987458309,0.019128203781399556
431,0.994680764132394,3.782717569035414,0.011625164752531239,0.7652182346123596,4.708168108983369,0.20421794862694714,0.8808600311289699,4.842454160096344,0.028693298334270246
432,0.9849199419067308,3.7909640133047704,0.002014488386387603,0.7691887170385654,4.7387473094312575,0.18027849134787596,0.8848305135551757,4.873033360544233,0.027380592777615207
433,0.9701404444939611,3.778394961353538,0.018119093073188243,0.8285836740503453,4.7625953763159865,0.12137885467914525,0.9442254705669556,4.896881427428962,0.055894483667025166
434,0.961525932218146,3.797249095441367,0.024773046309963267,0.7170819379672547,4.713026591883607,0.23702891840296683,0.832723734483865,4.847312642996583,0.07397810696371182
435,0.9887759065531178,3.76978112646578,0.01956345214826002,0.7513168860464117,4.702848641057345,0.21775687511677455,0.866958682563022,4.837134692170321,0.04350375800512295
436,0.9633397116765298,3.8222677549447908,0.03966746720798652,0.797264039103155,4.742654998590307,0.1571459429892515,0.9129058356197653,4.876941049703283,0.022069605141985922
437,1.0019636201067503,3.786154318965796,0.017323156950947702,0.8196764023623431,4.711787665964765,0.1681041067282064,0.9353181988789534,4.846073717077741,0.03073626948137257
438,0.971300526399845,3.771784846813385,0.021879541420250486,0.7547319413755103,4.695464824367397,0.22065084977330346,0.8703737378921206,4.829750875480372,0.044363012766011914
439,0.9767134888631344,3.7949705896975634,0.010135784721945661,0.7726132980764711,4.694250717299845,0.2097157906193922,0.8882550945930814,4.82853676841282,0.032735017485257804
440,1.0034736740263424,3.8113942737082946,0.029153441273191624,0.8012308452447685,4.715808927376804,0.17506628809148989,0.9168726417613788,4.850094978489779,0.012156343786477083
441,0.9929991467685823,3.795143141690728,0.010221297763123758,0.8633482908890165,4.777352293866285,0.08948939073055914,0.9789900874056269,4.91163834497926,0.09167060519184257
442,0.9630236125885372,3.8002405412791362,0.024589232163577755,0.8086408386516146,4.800784042052847,0.11205891645554707,0.924282635168225,4.935070093165822,0.0811943797946491
443,0.9943354050640194,3.7908205866969147,0.009650810615003174,0.7956769843312183,4.6917913044046475,0.1978683641426127,0.9113187808478286,4.826077355517623,0.030273430548933496
444,0.9991974128480057,3.7855203862385927,0.014734582991198125,0.8007237761985108,4.741835573012807,0.1553683532027704,0.9163655727151211,4.8761216241257825,0.022619699964414694
445,0.9990249675619556,3.782255721718311,0.015660392756294387,0.7390103334116523,4.690369994701003,0.23528174211153188,0.8546521299282627,4.8246560458139784,0.06028514306947003
446,1.0001967434477155,3.792432647216402,0.01571975914007802,0.7042421503547728,4.717527246800909,0.24482261706105718,0.8198839468713831,4.851813297913885,0.0864134486929795
447,0.9908216725962952,3.7784389342605618,0.012080484856564279,0.875738834610655,4.6541658990647825,0.2040356326716391,0.9913806311272654,4.788451950177758,0.10865996805046649
448,0.9912179375752621,3.793511607323772,0.007818791418923743,0.7798959095602188,4.691209635892079,0.207558534356118,0.8955377060768291,4.825495687005055,0.032233719031560096
449,0.971869944548627,3.7882548646439758,0.013016215919999808,0.7598240942986206,4.7043277587321635,0.21072390759593226,0.875465890815231,4.838613809845139,0.035269150359244154
450,0.9914890525709148,3.8013303959242832,0.014039696767823837,0.8777741839897815,4.715159816114407,0.14359672300792092,0.9934159805063918,4.849445867227383,0.08745556333430794
451,0.9623726701080192,3.7835085463586284,0.02314373281098864,0.7747064485448454,4.703225672607569,0.20150571278939575,0.8903482450614557,4.837511723720545,0.02428898509345777
452,0.9872142107735885,3.777714841021348,0.011477809998654937,0.8093829885658538,4.729363858436686,0.1593383136858609,0.9250247850824641,4.863649909549662,0.020351977910738235
453,0.9772652464737885,3.7705004175592154,0.019954700443826065,0.7463226088743186,4.73984272063031,0.19756905004329728,0.8619644053909289,4.874128771743286,0.04783861606293108
454,1.0023703794850454,3.7844183949705177,0.01807997510379688,0.8272582587052256,4.745782086143578,0.13550289222239328,0.942900055221836,4.880068137256553,0.04393487488995993
455,0.9682857435954089,3.7627025140599355,0.03104671357581885,0.7601624392037124,4.723777249209088,0.19694498275662323,0.8758042357203227,4.858063300322064,0.030471595585331246
456,0.9693658906715175,3.7831770519353904,0.016541810599817415,0.7260124897000005,4.7370959106713855,0.2158367197127207,0.8416542862166109,4.871381961784361,0.06637303191432754
457,0.9783736740314357,3.789639533619024,0.006530383829205111,0.763246600672351,4.672514316747037,0.23253267722101564,0.8788883971889613,4.806800367860013,0.056197511407923964
458,0.9616342556998663,3.7733947769965686,0.0279599437156705,0.7632207884844361,4.706829052193593,0.20656631632128136,0.8788625850010464,4.841115103306569,0.031086460912402917
459,1.0006454479547149,3.814262393167754,0.02982696990070027,0.8228865261041878,4.747217694593782,0.13695333514772767,0.9385283226207981,4.881503745706757,0.04122996234226776
460,0.9643577094347061,3.7919393527020433,0.020726542266418253,0.7194692284862687,4.7242352427645535,0.2284905063208119,0.835111025002879,4.858521293877529,0.0711367393718553
461,0.9884145150684581,3.7830947320325348,0.00684597407466323,0.7666362340338165,4.7258686079512895,0.19076184415683498,0.8822780305504269,4.860154659064265,0.024294777903779197
462,0.9960149419922809,3.7771459314619515,0.01623590767091292,0.7718313327746604,4.776688410518613,0.15598645568143515,0.8874731292912708,4.9109744616315885,0.05815712954137505
463,0.9598583337499228,3.7922554361799445,0.02522670526733926,0.7037990171335611,4.754637506869285,0.22632557728138225,0.8194408136501714,4.8889235579822605,0.0928263342983086
464,0.9646173672773333,3.7877939110261414,0.02028319253853694,0.7605828325326626,4.686705580324151,0.22324011997455792,0.8762246290492729,4.820991631437127,0.04602344082007882
465,0.9789186552061491,3.766998542097666,0.022743464389475374,0.8400035752088975,4.64697102653468,0.2191791647179242,0.9556453717255078,4.7812570776476555,0.08954682724915071
466,0.9685494963703238,3.8051219809166885,0.022974028364503615,0.68994310024595,4.8142594605092075,0.2202321997316304,0.8055848967625603,4.948545511622183,0.13676194789304136
467,0.9892098149767194,3.7946884192479162,0.007195981472530149,0.8239879279995004,4.7550664481207345,0.1301123888860424,0.9396297245161107,4.88935249923371,0.0472823429051513
468,0.9437623838182735,3.7995547140242545,0.042451057428853176,0.7328621212091175,4.747152658646202,0.20463441543291336,0.8485039177257279,4.881438709759178,0.0630896433676576
469,0.9806857926409681,3.790943239332744,0.004632437852175117,0.7090062028105111,4.727744715604767,0.2351871343881338,0.8246479993271214,4.8620307667177425,0.08178100462536105
470,0.9687326937066947,3.761370692791754,0.031952525752527626,0.8169222231150677,4.698328196441256,0.18111899009292715,0.932564019631678,4.832614247554232,0.035184963238333276
471,1.0001429899085148,3.794809087775467,0.016360465242457475,0.8503265731150171,4.770311293667082,0.1022243422882272,0.9659683696316275,4.904597344780058,0.07708591998325202
472,0.9585962208151216,3.790745048881694,0.026332593359706242,0.7620950915891828,4.702375458747051,0.21057203681467226,0.8777368881057931,4.8366615098600265,0.03436337475854531
473,0.9546585164711249,3.7940688035034307,0.030639634708057834,0.7422411948212155,4.737655196874611,0.20215797206457453,0.8578829913378259,4.8719412479875865,0.050905572980485814
474,0.9633405791903563,3.7967416586038865,0.022893629123878833,0.8027405894599563,4.68499406348051,0.19979434377340902,0.9183823859765666,4.819280114593486,0.03860722163255569
475,1.0068868142387015,3.8071774836190753,0.028584621572522083,0.7522925397866967,4.7774496817539625,0.17275501666239432,0.8679343363033071,4.911735732866938,0.06767737519077932
476,0.9588923891338864,3.820646952594721,0.04098041002103439,0.7806758812461143,4.832048647925844,0.12777285342486175,0.8963176777627246,4.9663346990388195,0.1108611461342037
477,1.0096511577270149,3.7897394212788305,0.024796146303336854,0.8106296406686396,4.771781861294311,0.12732659074419375,0.92627143718525,4.906067912407287,0.05402025439090621
478,0.9679849640219996,3.7966345649204056,0.018549175307919483,0.7858248766548015,4.71700626758115,0.18380907678225578,0.9014666731714118,4.851292318694125,0.006616085079865147
479,0.9934503235558074,3.782843545489254,0.01053351245430591,0.8450680095992608,4.678500266928432,0.18765145886298723,0.9607098061158711,4.812786318041407,0.06950822249181199
480,0.9764642445969473,3.759975280300632,0.03016889541896469,0.8001005562176745,4.692130064078106,0.1951475399742722,0.9157423527342848,4.826416115191082,0.03100378080699451
481,0.9874091973992974,3.7736137683434468,0.015545615424285604,0.8581107897996028,4.716442373747698,0.14753018652600047,0.9737525863162131,4.850728424860674,0.06775139390573437
482,0.9878523567869065,3.7908350114501363,0.0035300735914169266,0.8729366212576378,4.726477805806232,0.13364285265698186,0.9885784177742482,4.860763856919207,0.0825210043570394
483,0.9916790054842569,3.7789972672021954,0.012060538138660322,0.8108252014110024,4.70000937275676,0.18276455794436994,0.9264669979276128,4.834295423869736,0.029633640970215383
484,0.9960677918263375,3.788508628747388,0.011208918952911,0.8760088462575036,4.71471994976425,0.14438669583410416,0.991650642774114,4.8490060008772256,0.08572948821379507
485,0.9735514157010825,3.7940061646321204,0.012394279524695202,0.7228531326045947,4.758694071073109,0.20752822005650948,0.838494929121205,4.892980122186085,0.0771868369061696
486,0.9685749621881294,3.771111442001078,0.02415927767446092,0.7197801738227134,4.691604490982947,0.24849599595514868,0.8354219703393237,4.825890542095922,0.07688297059108772
487,1.0072998531196171,3.798147930779499,0.024244695961646887,0.7913203570012459,4.703810457234669,0.19061241287679606,0.9069621535178563,4.838096508347644,0.017834677782138778
488,0.9810210124388554,3.7737771847837225,0.01565300614299919,0.7521645323194223,4.702179518159612,0.21762695368589952,0.8678063288360326,4.836465569272588,0.04303893821763977
489,1.011834697868165,3.7864668855915244,0.027081222928449,0.8302838424136364,4.742425422433454,0.1365398222212228,0.9459256389302467,4.87671147354643,0.04483998355459823
490,1.0067303055448658,3.7939132385319665,0.02241898112914323,0.7713745421878123,4.765889955343145,0.16211845541295164,0.8870163387044226,4.90017600645612,0.048239599609231125
491,0.9805700903755041,3.794841293003296,0.007292000909693893,0.7573177801532219,4.717992126845312,0.20294975974478896,0.8729595766698323,4.852278177958287,0.03343877156761649
492,0.9903994519933969,3.8041373325411336,0.01616324513384938,0.8927701109075371,4.758037739841305,0.09879422631040169,1.0084119074241473,4.892323790954281,0.10850291159502412
493,0.9783429107167575,3.7993457626283393,0.012273501459881984,0.8417699927370994,4.718849134251406,0.15145378247627225,0.9574117892537097,4.853135185364382,0.051287173216469716
494,0.9884872150277044,3.7913301248981903,0.004331952771438358,0.7970236406734175,4.740721253493145,0.15871059246564476,0.9126654371900278,4.875007304606121,0.02015743127074748
495,0.9807154373680225,3.780028213535238,0.009840842684761746,0.7797744916425317,4.75336351199682,0.16278880500715112,0.895416288159142,4.887649563109796,0.033516826951284266
496,0.9894195689158786,3.7651704900648184,0.024211475192007996,0.7744116481344578,4.73011497278468,0.1821916292502462,0.8900534446510682,4.864401023897655,0.01824076908400588
497,0.9955997006555555,3.8160506660304727,0.029148130088843854,0.8920684713228035,4.781238666931725,0.07600157192261277,1.0077102678394139,4.915524718044701,0.11771858665957712
498,0.9854401329618561,3.789038496639738,0.000579326139763681,0.7214462695819429,4.774561201190666,0.20187214809079038,0.8370880660985532,4.908847252303642,0.08705339742782618
499,0.9968254515560041,3.774646546266989,0.018643645106534434,0.7364132322565624,4.702223098550616,0.2290168429864883,0.8520550287731727,4.836509149663591,0.057517482625198534
500,0.9693430319126006,3.7866104500431503,0.015699868506216245,0.8654901875974891,4.777711016556483,0.08816538557249817,0.9811319841140994,4.911997067669459,0.09359493837662172
